0.000000000000000000e+00,5.000000000000000000e-01,5.000000000000000000e-01,5.000000000000000000e-01,1.000000000000000000e+00
2.500000000000000000e-01,5.657587890624999893e-01,4.026992187500000320e-01,4.229960937500000240e-01,1.000000000000000000e+00
5.000000000000000000e-01,6.514857623860428326e-01,3.290463725548518070e-01,3.555129799421860026e-01,1.000000000000000000e+00
7.500000000000000000e-01,7.601784671949320948e-01,2.732977211672765749e-01,2.978933438974784020e-01,1.000000000000000000e+00
1.000000000000000000e+00,8.954333218597441135e-01,2.312846992564367155e-01,2.496305022439559984e-01,1.000000000000000000e+00
1.250000000000000000e+00,1.061264712694667933e+00,2.000138352033132561e-01,2.098014204522925530e-01,1.000000000000000000e+00
1.500000000000000000e+00,1.261832606704715865e+00,1.773832061469959032e-01,1.773351481203815361e-01,1.000000000000000000e+00
1.750000000000000000e+00,1.501032884893368058e+00,1.619975580188072750e-01,1.511682077219064224e-01,1.000000000000000000e+00
2.000000000000000000e+00,1.781913017133041510e+00,1.530686515474324050e-01,1.303273160852140566e-01,1.000000000000000000e+00
2.250000000000000000e+00,2.105895030676351976e+00,1.503979419332708567e-01,1.139680016699639309e-01,1.000000000000000000e+00
2.500000000000000000e+00,2.471820190950952512e+00,1.544538911357509758e-01,1.013882505453580218e-01,1.000000000000000000e+00
2.750000000000000000e+00,2.874868937938829472e+00,1.665778923676787537e-01,9.202970932186771424e-02,1.000000000000000000e+00
3.000000000000000000e+00,3.305434783036515167e+00,1.893843841140042117e-01,8.547485107621741185e-02,1.000000000000000000e+00
3.250000000000000000e+00,3.748008559533602568e+00,2.274636770683651776e-01,8.144650858007991545e-02,1.000000000000000000e+00
3.500000000000000000e+00,4.180034387889373093e+00,2.885371411408384490e-01,7.981626046513298767e-02,1.000000000000000000e+00
3.750000000000000000e+00,4.570574943865936213e+00,3.851856662419416710e-01,8.063082306755335604e-02,1.000000000000000000e+00
4.000000000000000000e+00,4.878713045998126496e+00,5.369446598875328158e-01,8.417196320289269118e-02,1.000000000000000000e+00
4.250000000000000000e+00,5.052566320367275488e+00,7.713498124888225060e-01,9.107636928115003805e-02,1.000000000000000000e+00
4.500000000000000000e+00,5.032679406242010600e+00,1.119525590873450049e+00,1.025531269370299620e-01,1.000000000000000000e+00
4.750000000000000000e+00,4.768224315948628167e+00,1.597883623116313156e+00,1.207211775120872188e-01,1.000000000000000000e+00
5.000000000000000000e+00,4.253074006586621714e+00,2.171731196300080047e+00,1.489613723724549366e-01,1.000000000000000000e+00
5.250000000000000000e+00,3.563025106227823091e+00,2.727542690720537788e+00,1.918055276002334497e-01,1.000000000000000000e+00
5.500000000000000000e+00,2.839434892930636778e+00,3.113317611747402403e+00,2.534510673325349184e-01,1.000000000000000000e+00
5.750000000000000000e+00,2.208697162656212409e+00,3.238180418933536142e+00,3.345760156739656099e-01,1.000000000000000000e+00
6.000000000000000000e+00,1.724538462466751909e+00,3.117940637213429511e+00,4.292735555576019379e-01,1.000000000000000000e+00
6.250000000000000000e+00,1.380719623411824637e+00,2.832344310386490704e+00,5.250365508494827527e-01,1.000000000000000000e+00
6.500000000000000000e+00,1.147921346098818018e+00,2.468273092980347361e+00,6.066990880301161848e-01,1.000000000000000000e+00
6.750000000000000000e+00,9.965471991524978979e-01,2.091575144549149279e+00,6.620656588242661567e-01,1.000000000000000000e+00
7.000000000000000000e+00,9.040786148400297151e-01,1.742001783189609743e+00,6.857091068542643386e-01,1.000000000000000000e+00
7.250000000000000000e+00,8.553145266265562707e-01,1.438151010224234749e+00,6.792063479526180281e-01,1.000000000000000000e+00
7.500000000000000000e+00,8.406920503805564993e-01,1.184759456620031015e+00,6.487786546182128244e-01,1.000000000000000000e+00
7.750000000000000000e+00,8.546057742476276253e-01,9.790009902307845735e-01,6.023535305592072620e-01,1.000000000000000000e+00
8.000000000000000000e+00,8.941573866071980126e-01,8.148089031205973942e-01,5.473996358062995782e-01,1.000000000000000000e+00
8.250000000000000000e+00,9.582985636765315451e-01,6.853849066845870697e-01,4.898531685116222500e-01,1.000000000000000000e+00
8.500000000000000000e+00,1.047238136099703620e+00,5.844377864377702236e-01,4.338727705016079961e-01,1.000000000000000000e+00
8.750000000000000000e+00,1.161996195252815278e+00,5.066729118040268487e-01,3.820426481752471903e-01,1.000000000000000000e+00
9.000000000000000000e+00,1.304015400805970337e+00,4.479013980251788096e-01,3.357384289473878680e-01,1.000000000000000000e+00
9.250000000000000000e+00,1.474762926643705896e+00,4.049907391360272335e-01,2.954972277174733875e-01,1.000000000000000000e+00
9.500000000000000000e+00,1.675274636311843146e+00,3.757773993120080425e-01,2.613255991057775174e-01,1.000000000000000000e+00
9.750000000000000000e+00,1.905610024030217620e+00,3.590036415056398478e-01,2.329304999239310003e-01,1.000000000000000000e+00
1.000000000000000000e+01,2.164205721790245729e+00,3.543123297034244112e-01,2.098815527369356781e-01,1.000000000000000000e+00
0.000000000000000000e+00,5.000000000000000000e-01,5.000000000000000000e-01,5.000000000000000000e-01,1.500000000000000000e+00
2.500000000000000000e-01,6.442597656249999805e-01,3.597890624999999787e-01,3.740751953124999973e-01,1.500000000000000000e+00
5.000000000000000000e-01,8.492210885458659764e-01,2.661020389396512309e-01,2.784847401850879534e-01,1.500000000000000000e+00
7.500000000000000000e-01,1.134135279607355606e+00,2.036290558616263291e-01,2.078556065993788227e-01,1.500000000000000000e+00
1.000000000000000000e+00,1.522456513037299342e+00,1.628151623562246186e-01,1.566644358809106408e-01,1.500000000000000000e+00
1.250000000000000000e+00,2.039951934866767402e+00,1.378842973701491781e-01,1.201579387909001428e-01,1.500000000000000000e+00
1.500000000000000000e+00,2.710303389016576858e+00,1.258478825093761189e-01,9.458679395911875898e-02,1.500000000000000000e+00
1.750000000000000000e+00,3.547255176597330362e+00,1.263156147438551091e-01,7.715683811265895697e-02,1.500000000000000000e+00
2.000000000000000000e+00,4.543365715744489997e+00,1.423072690421374742e-01,6.589343918175528947e-02,1.500000000000000000e+00
2.250000000000000000e+00,5.657290939370938077e+00,1.829267299726826390e-01,5.951011500104778223e-02,1.500000000000000000e+00
2.500000000000000000e+00,6.802481146120546107e+00,2.701860587610169784e-01,5.733044738150766539e-02,1.500000000000000000e+00
2.750000000000000000e+00,7.836190680924090657e+00,4.551297840114302273e-01,5.931993299979686218e-02,1.500000000000000000e+00
3.000000000000000000e+00,8.537602240353230343e+00,8.510073548812115973e-01,6.637243629093396435e-02,1.500000000000000000e+00
3.250000000000000000e+00,8.570004013037259227e+00,1.672151095741614357e+00,8.128675257597958725e-02,1.500000000000000000e+00
3.500000000000000000e+00,7.541618741324588093e+00,3.133714606081237974e+00,1.115445057588076716e-01,1.500000000000000000e+00
3.750000000000000000e+00,5.530117104777827919e+00,4.863798511908905553e+00,1.747256191255233682e-01,1.500000000000000000e+00
4.000000000000000000e+00,3.546820474920760358e+00,5.679551832723459093e+00,2.963950151512195208e-01,1.500000000000000000e+00
4.250000000000000000e+00,2.278862260553846220e+00,5.306983320240170166e+00,4.761555871844728727e-01,1.500000000000000000e+00
4.500000000000000000e+00,1.599020733428646368e+00,4.380273010615543861e+00,6.629806407575465910e-01,1.500000000000000000e+00
4.750000000000000000e+00,1.260675116229952764e+00,3.384564318547707007e+00,7.905864328871065050e-01,1.500000000000000000e+00
5.000000000000000000e+00,1.113673745185852937e+00,2.535121568647897394e+00,8.269466855325640076e-01,1.500000000000000000e+00
5.250000000000000000e+00,1.085128462550524864e+00,1.883631210155670699e+00,7.843375781561043869e-01,1.500000000000000000e+00
5.500000000000000000e+00,1.143867870867557812e+00,1.410307623191272786e+00,6.953889330040788908e-01,1.500000000000000000e+00
5.750000000000000000e+00,1.280168037809430226e+00,1.076212617036323316e+00,5.904092687965071251e-01,1.500000000000000000e+00
6.000000000000000000e+00,1.495833202062116341e+00,8.450674872790162606e-01,4.890318493053117388e-01,1.500000000000000000e+00
6.250000000000000000e+00,1.798819486099790144e+00,6.893181192137483038e-01,4.009776668974921465e-01,1.500000000000000000e+00
6.500000000000000000e+00,2.199109199557184535e+00,5.902815996470437421e-01,3.294612679367355801e-01,1.500000000000000000e+00
6.750000000000000000e+00,2.703982023373869836e+00,5.369808695475019045e-01,2.742513939297983039e-01,1.500000000000000000e+00
7.000000000000000000e+00,3.311611375098495902e+00,5.254726725110741015e-01,2.337040825564617175e-01,1.500000000000000000e+00
7.250000000000000000e+00,4.002647524024999015e+00,5.594463768779323054e-01,2.059364410976845527e-01,1.500000000000000000e+00
7.500000000000000000e+00,4.730381863270104681e+00,6.526475108782532342e-01,1.894746356944663479e-01,1.500000000000000000e+00
7.750000000000000000e+00,5.411169682418879745e+00,8.333175476108934943e-01,1.836742752776765741e-01,1.500000000000000000e+00
8.000000000000000000e+00,5.918732740931468506e+00,1.148327020016377764e+00,1.891710617907240710e-01,1.500000000000000000e+00
8.250000000000000000e+00,6.093110393006579528e+00,1.655216216164354659e+00,2.086124506316749672e-01,1.500000000000000000e+00
8.500000000000000000e+00,5.793192195237091724e+00,2.371867167168042023e+00,2.477727228196108245e-01,1.500000000000000000e+00
8.750000000000000000e+00,5.020489833152701031e+00,3.168160783695491034e+00,3.160884846890797961e-01,1.500000000000000000e+00
9.000000000000000000e+00,4.013914428166062365e+00,3.736346933717650920e+00,4.226067964461090454e-01,1.500000000000000000e+00
9.250000000000000000e+00,3.096922856281144831e+00,3.837661282948586106e+00,5.631103712876042167e-01,1.500000000000000000e+00
9.500000000000000000e+00,2.431834118062622174e+00,3.521494698645752930e+00,7.092452108278874956e-01,1.500000000000000000e+00
9.750000000000000000e+00,2.014747795727528157e+00,2.995310229085419884e+00,8.200933165203603270e-01,1.500000000000000000e+00
1.000000000000000000e+01,1.788104396882000735e+00,2.438900577670351844e+00,8.682284117409491131e-01,1.500000000000000000e+00
0.000000000000000000e+00,5.000000000000000000e-01,5.000000000000000000e-01,5.000000000000000000e-01,2.000000000000000000e+00
2.500000000000000000e-01,7.314521484375000604e-01,3.239101562499999698e-01,3.332597656250000373e-01,2.000000000000000000e+00
5.000000000000000000e-01,1.096369943136774605e+00,2.182397271649641757e-01,2.218347921747226836e-01,2.000000000000000000e+00
7.500000000000000000e-01,1.657940820105916480e+00,1.554658222644697274e-01,1.493098750893550597e-01,2.000000000000000000e+00
1.000000000000000000e+00,2.496750676765564059e+00,1.203482666173647520e-01,1.030415642254478570e-01,2.000000000000000000e+00
1.250000000000000000e+00,3.697408259890321514e+00,1.054300290225166220e-01,7.420479065378768335e-02,2.000000000000000000e+00
1.500000000000000000e+00,5.312982503796694900e+00,1.100150508582661280e-01,5.701048176653338018e-02,2.000000000000000000e+00
1.750000000000000000e+00,7.304681412359066428e+00,1.437393548112397279e-01,4.791386306567659015e-02,2.000000000000000000e+00
2.000000000000000000e+00,9.477941879734142816e+00,2.418338318313417168e-01,4.506766238823108756e-02,2.000000000000000000e+00
2.250000000000000000e+00,1.144283849442317802e+01,5.174655042190055010e-01,4.815615117185070154e-02,2.000000000000000000e+00
2.500000000000000000e+00,1.253364543202667036e+01,1.321117385181648007e+00,5.907979632547614990e-02,2.000000000000000000e+00
2.750000000000000000e+00,1.155531951143101210e+01,3.498304044633646637e+00,8.586842636261365902e-02,2.000000000000000000e+00
3.000000000000000000e+00,7.611057658515936630e+00,7.147324530256895514e+00,1.592617711181681939e-01,2.000000000000000000e+00
3.250000000000000000e+00,3.961271842188930137e+00,7.976665821484793639e+00,3.532379344808214139e-01,2.000000000000000000e+00
3.500000000000000000e+00,2.282509734647375055e+00,6.434669988242374572e+00,6.368162173125855308e-01,2.000000000000000000e+00
3.750000000000000000e+00,1.627351691371928366e+00,4.621514671624137094e+00,8.409815765692982836e-01,2.000000000000000000e+00
4.000000000000000000e+00,1.430742320126195066e+00,3.176149406668765440e+00,8.752597430122178723e-01,2.000000000000000000e+00
4.250000000000000000e+00,1.480259870478288331e+00,2.179871638251955179e+00,7.817986594403055767e-01,2.000000000000000000e+00
4.500000000000000000e+00,1.715669555696341941e+00,1.535464546904386385e+00,6.395880210457260961e-01,2.000000000000000000e+00
4.750000000000000000e+00,2.137962164981085600e+00,1.134547278419262062e+00,5.012507374442790598e-01,2.000000000000000000e+00
5.000000000000000000e+00,2.772787202904625659e+00,8.999727799719071664e-01,3.887814093133920013e-01,2.000000000000000000e+00
5.250000000000000000e+00,3.645593836867359272e+00,7.877099990562689280e-01,3.065255133623843165e-01,2.000000000000000000e+00
5.500000000000000000e+00,4.749771515165488900e+00,7.838867955139111610e-01,2.518272922567799110e-01,2.000000000000000000e+00
5.750000000000000000e+00,6.001000942937126936e+00,9.090304767657186868e-01,2.208655255478349511e-01,2.000000000000000000e+00
6.000000000000000000e+00,7.183187573403857940e+00,1.234729282550084628e+00,2.116203947402424956e-01,2.000000000000000000e+00
6.250000000000000000e+00,7.910742045446517601e+00,1.903315238088973071e+00,2.261975562903714154e-01,2.000000000000000000e+00
6.500000000000000000e+00,7.696268327603857706e+00,3.060103049489990568e+00,2.746173601746157433e-01,2.000000000000000000e+00
6.750000000000000000e+00,6.363206275846422066e+00,4.465166465888927405e+00,3.799101813832483909e-01,2.000000000000000000e+00
7.000000000000000000e+00,4.609921032913641525e+00,5.190125992462025550e+00,5.666999651371651403e-01,2.000000000000000000e+00
7.250000000000000000e+00,3.309146622270894955e+00,4.807316587731826907e+00,8.007748497212060501e-01,2.000000000000000000e+00
7.500000000000000000e+00,2.603905001168231426e+00,3.881353699839568350e+00,9.740732068606169358e-01,2.000000000000000000e+00
7.750000000000000000e+00,2.320902709670755293e+00,2.945331953948960191e+00,1.015514360667930216e+00,2.000000000000000000e+00
8.000000000000000000e+00,2.322181045033383739e+00,2.208377228513188406e+00,9.438967479465052435e-01,2.000000000000000000e+00
8.250000000000000000e+00,2.542421046924201899e+00,1.692887799146793659e+00,8.173296863100829590e-01,2.000000000000000000e+00
8.500000000000000000e+00,2.959329759060151499e+00,1.362152956113704239e+00,6.838322329750878836e-01,2.000000000000000000e+00
8.750000000000000000e+00,3.564674512474277801e+00,1.177816877645536886e+00,5.692409252301189326e-01,2.000000000000000000e+00
9.000000000000000000e+00,4.337246964439229302e+00,1.118564703832371832e+00,4.832586864299915907e-01,2.000000000000000000e+00
9.250000000000000000e+00,5.213165343461028556e+00,1.186479959712828380e+00,4.277229577298725660e-01,2.000000000000000000e+00
9.500000000000000000e+00,6.056130062189251539e+00,1.411429656457477977e+00,4.025132747050447213e-01,2.000000000000000000e+00
9.750000000000000000e+00,6.643985429677055521e+00,1.848298599516625007e+00,4.094005800516757887e-01,2.000000000000000000e+00
1.000000000000000000e+01,6.712988441780906257e+00,2.534696001037237689e+00,4.549201863435605731e-01,2.000000000000000000e+00
0.000000000000000000e+00,5.000000000000000000e-01,5.000000000000000000e-01,5.000000000000000000e-01,2.500000000000000000e+00
2.500000000000000000e-01,8.273359375000000071e-01,2.950625000000000053e-01,3.005498046875000329e-01,2.500000000000000000e+00
5.000000000000000000e-01,1.400616791060070643e+00,1.827059104764309772e-01,1.812726646829251609e-01,2.500000000000000000e+00
7.500000000000000000e-01,2.374722804794713760e+00,1.226719536931265425e-01,1.116448288535343281e-01,2.500000000000000000e+00
1.000000000000000000e+00,3.953773487398578812e+00,9.498152416077546012e-02,7.195200093036127620e-02,2.500000000000000000e+00
1.250000000000000000e+00,6.323608851990213608e+00,9.326469891764660458e-02,5.033613311296138149e-02,2.500000000000000000e+00
1.500000000000000000e+00,9.474728662503798304e+00,1.288475333865861383e-01,4.014498535827953213e-02,2.500000000000000000e+00
1.750000000000000000e+00,1.297351485607588728e+01,2.640907461113727317e-01,3.825952131609564738e-02,2.500000000000000000e+00
2.000000000000000000e+00,1.586267069754326187e+01,7.691564439969176270e-01,4.459983317140103765e-02,2.500000000000000000e+00
2.250000000000000000e+00,1.637406432189871097e+01,2.743237561565722515e+00,6.444905479623294631e-02,2.500000000000000000e+00
2.500000000000000000e+00,1.123028424550539128e+01,8.457240627781846598e+00,1.268850125618040392e-01,2.500000000000000000e+00
2.750000000000000000e+00,5.077284230102067752e+00,9.740831975450070956e+00,3.667104071508080487e-01,2.500000000000000000e+00
3.000000000000000000e+00,2.726086646302097183e+00,7.133608350591156722e+00,7.353567531364668675e-01,2.500000000000000000e+00
3.250000000000000000e+00,2.041165669090543311e+00,4.728336291196650443e+00,9.053017477712259620e-01,2.500000000000000000e+00
3.500000000000000000e+00,2.021371382106706083e+00,3.061220479550211593e+00,8.375364376309933911e-01,2.500000000000000000e+00
3.750000000000000000e+00,2.399510155867582650e+00,2.045675123600371847e+00,6.708576782416437734e-01,2.500000000000000000e+00
4.000000000000000000e+00,3.153425785834913952e+00,1.473119394411648742e+00,5.070933612794318313e-01,2.500000000000000000e+00
4.250000000000000000e+00,4.325693159251033038e+00,1.199500275669003857e+00,3.833837652811216690e-01,2.500000000000000000e+00
4.500000000000000000e+00,5.910984844754640477e+00,1.167282488004422358e+00,3.044042556464582328e-01,2.500000000000000000e+00
4.750000000000000000e+00,7.708926053062361561e+00,1.419041422967020294e+00,2.660825030583597317e-01,2.500000000000000000e+00
5.000000000000000000e+00,9.149294372603613112e+00,2.144262636058880567e+00,2.677648905394996448e-01,2.500000000000000000e+00
5.250000000000000000e+00,9.262731598673363820e+00,3.650745619982843415e+00,3.221035630836155406e-01,2.500000000000000000e+00
5.500000000000000000e+00,7.442167857231690498e+00,5.631579786211982963e+00,4.693557648013328421e-01,2.500000000000000000e+00
5.750000000000000000e+00,5.029683765031100151e+00,6.224274612678372343e+00,7.525330655303013039e-01,2.500000000000000000e+00
6.000000000000000000e+00,3.582626666541459670e+00,5.146367942926104000e+00,1.047284429770671821e+00,2.500000000000000000e+00
6.250000000000000000e+00,3.047555636419500669e+00,3.764127289072874305e+00,1.144491648314415411e+00,2.500000000000000000e+00
6.500000000000000000e+00,3.085231784906508512e+00,2.696304975853734742e+00,1.047811276425966165e+00,2.500000000000000000e+00
6.750000000000000000e+00,3.538848762060705866e+00,2.013315478365144351e+00,8.740413244687383898e-01,2.500000000000000000e+00
7.000000000000000000e+00,4.357116564868160680e+00,1.644161999386870576e+00,7.082177996985075108e-01,2.500000000000000000e+00
7.250000000000000000e+00,5.488060294305726394e+00,1.533119815449299761e+00,5.857386502056536326e-01,2.500000000000000000e+00
7.500000000000000000e+00,6.773388145322537746e+00,1.684208235711462054e+00,5.159060639342897270e-01,2.500000000000000000e+00
7.750000000000000000e+00,7.850731071960337815e+00,2.175872883089079224e+00,5.020494445329992672e-01,2.500000000000000000e+00
8.000000000000000000e+00,8.161217888089655759e+00,3.109983317165348815e+00,5.545286621617410150e-01,2.500000000000000000e+00
8.250000000000000000e+00,7.306979943664343224e+00,4.309252514486813901e+00,6.977245247179048038e-01,2.500000000000000000e+00
8.500000000000000000e+00,5.737057024213401135e+00,4.961108817359068723e+00,9.463613185772119518e-01,2.500000000000000000e+00
8.750000000000000000e+00,4.432150010762697434e+00,4.549881842148544742e+00,1.214116312416073651e+00,2.500000000000000000e+00
9.000000000000000000e+00,3.770266846789216419e+00,3.625767336894164750e+00,1.333919601771395236e+00,2.500000000000000000e+00
9.250000000000000000e+00,3.656011160264976745e+00,2.763282422676713423e+00,1.267032998175073866e+00,2.500000000000000000e+00
9.500000000000000000e+00,3.961379384020177419e+00,2.155289855078758254e+00,1.101465565486910769e+00,2.500000000000000000e+00
9.750000000000000000e+00,4.609070995130174708e+00,1.807059962775999340e+00,9.259972003556145026e-01,2.500000000000000000e+00
1.000000000000000000e+01,5.521542902353512083e+00,1.692406422680106770e+00,7.876138412463689065e-01,2.500000000000000000e+00
0.000000000000000000e+00,5.000000000000000000e-01,5.000000000000000000e-01,5.000000000000000000e-01,3.000000000000000000e+00
2.500000000000000000e-01,9.319111328125000426e-01,2.732460937499999742e-01,2.759453124999999840e-01,3.000000000000000000e+00
5.000000000000000000e-01,1.770186284471232385e+00,1.572352761763459728e-01,1.534459354107343132e-01,3.000000000000000000e+00
7.500000000000000000e-01,3.334688438964106716e+00,1.008371056520138004e-01,8.789535652951011024e-02,3.000000000000000000e+00
1.000000000000000000e+00,6.050527566698089998e+00,8.144509044889454430e-02,5.399085990640001276e-02,3.000000000000000000e+00
1.250000000000000000e+00,1.018768947484802112e+01,9.966194185286514351e-02,3.821730574455761004e-02,3.000000000000000000e+00
1.500000000000000000e+00,1.526499019949222280e+01,2.112311130732953679e-01,3.417978858831165201e-02,3.000000000000000000e+00
1.750000000000000000e+00,1.966132120632416047e+01,7.430267921529440933e-01,4.068368048447046359e-02,3.000000000000000000e+00
2.000000000000000000e+00,2.034510249554627137e+01,3.484467429634724223e+00,6.463149426119459140e-02,3.000000000000000000e+00
2.250000000000000000e+00,1.111413175673407494e+01,1.277197129662654795e+01,1.575567659378656060e-01,3.000000000000000000e+00
2.500000000000000000e+00,6.241866441506043195e+00,6.609409824884008522e+00,6.026317290191138820e-01,3.000000000000000000e+00
2.750000000000000000e+00,4.684597961754381146e+00,5.672982761835014820e+00,8.367168928924413329e-01,3.000000000000000000e+00
3.000000000000000000e+00,4.225022273793202388e+00,4.271877181193923789e+00,9.125650915857987933e-01,3.000000000000000000e+00
3.250000000000000000e+00,4.537744917203627715e+00,3.209258808369373828e+00,8.374771253094710488e-01,3.000000000000000000e+00
3.500000000000000000e+00,5.417121555860763493e+00,2.616899782077755976e+00,7.162509539567398775e-01,3.000000000000000000e+00
3.750000000000000000e+00,6.686969994923265048e+00,2.469121433032078095e+00,6.193421168385503384e-01,3.000000000000000000e+00
4.000000000000000000e+00,7.985044604651614364e+00,2.785808500634716189e+00,5.781690043491729547e-01,3.000000000000000000e+00
4.250000000000000000e+00,8.651663102008564366e+00,3.632382547891475966e+00,6.122264698728482335e-01,3.000000000000000000e+00
4.500000000000000000e+00,8.067894634540829557e+00,4.810918212421681162e+00,7.471714091812970970e-01,3.000000000000000000e+00
4.750000000000000000e+00,6.573410019190158771e+00,5.414961703987447805e+00,9.911419316483705000e-01,3.000000000000000000e+00
5.000000000000000000e+00,5.325707357130189834e+00,4.872035869681407227e+00,1.231672344398963448e+00,3.000000000000000000e+00
5.250000000000000000e+00,4.849436998078280325e+00,3.869065224412251425e+00,1.294136084581549273e+00,3.000000000000000000e+00
5.500000000000000000e+00,5.061233259728235012e+00,3.037927284718656917e+00,1.187453627748275897e+00,3.000000000000000000e+00
5.750000000000000000e+00,5.798581137482297976e+00,2.560854282748949551e+00,1.027999726222482035e+00,3.000000000000000000e+00
6.000000000000000000e+00,6.870632707727234667e+00,2.455065486193838353e+00,8.997617796307777471e-01,3.000000000000000000e+00
6.250000000000000000e+00,7.934391050076269103e+00,2.741688051541185889e+00,8.418697960266413594e-01,3.000000000000000000e+00
6.500000000000000000e+00,8.446524367519776533e+00,3.442521129462364105e+00,8.756528482518493028e-01,3.000000000000000000e+00
6.750000000000000000e+00,7.956052256884028395e+00,4.351979190051769031e+00,1.019840382553748537e+00,3.000000000000000000e+00
7.000000000000000000e+00,6.734355060130427617e+00,4.803061215286282604e+00,1.260649185104285586e+00,3.000000000000000000e+00
7.250000000000000000e+00,5.656766570944091299e+00,4.392012776001179120e+00,1.472920464352979408e+00,3.000000000000000000e+00
7.500000000000000000e+00,5.210958167608064961e+00,3.589525828648444161e+00,1.503246568687709894e+00,3.000000000000000000e+00
7.750000000000000000e+00,5.391975920025974034e+00,2.901933197834358324e+00,1.371672503425665601e+00,3.000000000000000000e+00
8.000000000000000000e+00,6.062489575017746546e+00,2.508732473932887785e+00,1.193725854879599702e+00,3.000000000000000000e+00
8.250000000000000000e+00,7.026423455905493221e+00,2.444235715262117914e+00,1.053235851703819392e+00,3.000000000000000000e+00
8.500000000000000000e+00,7.948777667862736429e+00,2.731649844674994387e+00,9.899035197504011396e-01,3.000000000000000000e+00
8.750000000000000000e+00,8.344988652726710754e+00,3.371367901124076916e+00,1.024021854893182093e+00,3.000000000000000000e+00
9.000000000000000000e+00,7.860753570907695220e+00,4.148374187528169443e+00,1.167791112571191281e+00,3.000000000000000000e+00
9.250000000000000000e+00,6.767465150978489774e+00,4.500809218071937678e+00,1.393132984491370685e+00,3.000000000000000000e+00
9.500000000000000000e+00,5.808489595786806348e+00,4.132985093006682042e+00,1.573178942300300864e+00,3.000000000000000000e+00
9.750000000000000000e+00,5.414135121730480726e+00,3.436426341153786979e+00,1.578323624417621973e+00,3.000000000000000000e+00
1.000000000000000000e+01,5.599245816109601037e+00,2.837775820346796429e+00,1.437572546225622361e+00,3.000000000000000000e+00
