0.000000000000000000e+00,5.000000000000000000e-01,5.000000000000000000e-01,2.000000000000000000e+00,5.999999999999999778e-01,5.999999999999999778e-01,8.000000000000000444e-01
1.499999999999999944e-01,6.448151562499999656e-01,4.665598437499999807e-01,2.000000000000000000e+00,5.999999999999999778e-01,5.999999999999999778e-01,8.000000000000000444e-01
2.999999999999999889e-01,8.337013544826008538e-01,4.418209562220988262e-01,2.000000000000000000e+00,5.999999999999999778e-01,5.999999999999999778e-01,8.000000000000000444e-01
4.499999999999999556e-01,1.079830185702931988e+00,4.265199352461944149e-01,2.000000000000000000e+00,5.999999999999999778e-01,5.999999999999999778e-01,8.000000000000000444e-01
5.999999999999999778e-01,1.399877171918902707e+00,4.221981583952775785e-01,2.000000000000000000e+00,5.999999999999999778e-01,5.999999999999999778e-01,8.000000000000000444e-01
7.500000000000000000e-01,1.814494386003380422e+00,4.317442331969191804e-01,2.000000000000000000e+00,5.999999999999999778e-01,5.999999999999999778e-01,8.000000000000000444e-01
8.999999999999999112e-01,2.348281992316854527e+00,4.604502280395537106e-01,2.000000000000000000e+00,5.999999999999999778e-01,5.999999999999999778e-01,8.000000000000000444e-01
1.050000000000000044e+00,3.028353629967033722e+00,5.181611461153080578e-01,2.000000000000000000e+00,5.999999999999999778e-01,5.999999999999999778e-01,8.000000000000000444e-01
1.199999999999999956e+00,3.879333723076374696e+00,6.238570670143843699e-01,2.000000000000000000e+00,5.999999999999999778e-01,5.999999999999999778e-01,8.000000000000000444e-01
1.349999999999999867e+00,4.909620920893644325e+00,8.158280960645667435e-01,2.000000000000000000e+00,5.999999999999999778e-01,5.999999999999999778e-01,8.000000000000000444e-01
1.500000000000000000e+00,6.076883078554439876e+00,1.174657560467287531e+00,2.000000000000000000e+00,5.999999999999999778e-01,5.999999999999999778e-01,8.000000000000000444e-01
1.649999999999999911e+00,7.208412412244861400e+00,1.872238465328972978e+00,2.000000000000000000e+00,5.999999999999999778e-01,5.999999999999999778e-01,8.000000000000000444e-01
1.799999999999999822e+00,7.855282926161097912e+00,3.246009848596288272e+00,2.000000000000000000e+00,5.999999999999999778e-01,5.999999999999999778e-01,8.000000000000000444e-01
1.949999999999999956e+00,7.238457767555495970e+00,5.724839349285236523e+00,2.000000000000000000e+00,5.999999999999999778e-01,5.999999999999999778e-01,8.000000000000000444e-01
2.100000000000000089e+00,5.070413028437982916e+00,8.961192891134624361e+00,2.000000000000000000e+00,5.999999999999999778e-01,5.999999999999999778e-01,8.000000000000000444e-01
2.250000000000000000e+00,2.813245044138962037e+00,1.109807247251777795e+01,2.000000000000000000e+00,5.999999999999999778e-01,5.999999999999999778e-01,8.000000000000000444e-01
2.399999999999999911e+00,1.477851948600554133e+00,1.156208434284909536e+01,2.000000000000000000e+00,5.999999999999999778e-01,5.999999999999999778e-01,8.000000000000000444e-01
2.549999999999999822e+00,7.860574503555127768e-01,1.113658942573223953e+01,2.000000000000000000e+00,5.999999999999999778e-01,5.999999999999999778e-01,8.000000000000000444e-01
2.699999999999999734e+00,4.336390306804822625e-01,1.033853979576299231e+01,2.000000000000000000e+00,5.999999999999999778e-01,5.999999999999999778e-01,8.000000000000000444e-01
2.850000000000000089e+00,2.524635241380324135e-01,9.418401105227673042e+00,2.000000000000000000e+00,5.999999999999999778e-01,5.999999999999999778e-01,8.000000000000000444e-01
3.000000000000000000e+00,1.567690704862275963e-01,8.493859358350238864e+00,2.000000000000000000e+00,5.999999999999999778e-01,5.999999999999999778e-01,8.000000000000000444e-01
3.149999999999999911e+00,1.042646418053395085e-01,7.617175023878075990e+00,2.000000000000000000e+00,5.999999999999999778e-01,5.999999999999999778e-01,8.000000000000000444e-01
3.299999999999999822e+00,7.424422375710254540e-02,6.808938982375019933e+00,2.000000000000000000e+00,5.999999999999999778e-01,5.999999999999999778e-01,8.000000000000000444e-01
3.449999999999999734e+00,5.642404094259571151e-02,6.074770694214998379e+00,2.000000000000000000e+00,5.999999999999999778e-01,5.999999999999999778e-01,8.000000000000000444e-01
3.599999999999999645e+00,4.555523332678336479e-02,5.413393438862613039e+00,2.000000000000000000e+00,5.999999999999999778e-01,5.999999999999999778e-01,8.000000000000000444e-01
3.750000000000000000e+00,3.887071388295830487e-02,4.820502835117850715e+00,2.000000000000000000e+00,5.999999999999999778e-01,5.999999999999999778e-01,8.000000000000000444e-01
3.899999999999999911e+00,3.486708267100134540e-02,4.290622729113740874e+00,2.000000000000000000e+00,5.999999999999999778e-01,5.999999999999999778e-01,8.000000000000000444e-01
4.049999999999999822e+00,3.271142121327618585e-02,3.817997821947956449e+00,2.000000000000000000e+00,5.999999999999999778e-01,5.999999999999999778e-01,8.000000000000000444e-01
4.200000000000000178e+00,3.194485066391706402e-02,3.397019217149703785e+00,2.000000000000000000e+00,5.999999999999999778e-01,5.999999999999999778e-01,8.000000000000000444e-01
4.349999999999999645e+00,3.233095153961888790e-02,3.022419345625434239e+00,2.000000000000000000e+00,5.999999999999999778e-01,5.999999999999999778e-01,8.000000000000000444e-01
4.500000000000000000e+00,3.377759014393117570e-02,2.689351118710560318e+00,2.000000000000000000e+00,5.999999999999999778e-01,5.999999999999999778e-01,8.000000000000000444e-01
4.649999999999999467e+00,3.629783612130318277e-02,2.393408462925299851e+00,2.000000000000000000e+00,5.999999999999999778e-01,5.999999999999999778e-01,8.000000000000000444e-01
4.799999999999999822e+00,3.999322297580133051e-02,2.130617407054479884e+00,2.000000000000000000e+00,5.999999999999999778e-01,5.999999999999999778e-01,8.000000000000000444e-01
4.950000000000000178e+00,4.505121097942957342e-02,1.897412963603768876e+00,2.000000000000000000e+00,5.999999999999999778e-01,5.999999999999999778e-01,8.000000000000000444e-01
5.099999999999999645e+00,5.175314681178472265e-02,1.690609927056955675e+00,2.000000000000000000e+00,5.999999999999999778e-01,5.999999999999999778e-01,8.000000000000000444e-01
5.250000000000000000e+00,6.049148284971226502e-02,1.507371983044072605e+00,2.000000000000000000e+00,5.999999999999999778e-01,5.999999999999999778e-01,8.000000000000000444e-01
5.399999999999999467e+00,7.179657059168505218e-02,1.345181535351776647e+00,2.000000000000000000e+00,5.999999999999999778e-01,5.999999999999999778e-01,8.000000000000000444e-01
5.549999999999999822e+00,8.637449840438835014e-02,1.201811596147461580e+00,2.000000000000000000e+00,5.999999999999999778e-01,5.999999999999999778e-01,8.000000000000000444e-01
5.700000000000000178e+00,1.051584783293878084e-01,1.075300539111839315e+00,2.000000000000000000e+00,5.999999999999999778e-01,5.999999999999999778e-01,8.000000000000000444e-01
5.849999999999999645e+00,1.293773557902635207e-01,9.639302811592752596e-01,2.000000000000000000e+00,5.999999999999999778e-01,5.999999999999999778e-01,8.000000000000000444e-01
6.000000000000000000e+00,1.606460119307321910e-01,8.662084438588669721e-01,2.000000000000000000e+00,5.999999999999999778e-01,5.999999999999999778e-01,8.000000000000000444e-01
6.149999999999999467e+00,2.010837971951790482e-01,7.808552298283167881e-01,2.000000000000000000e+00,5.999999999999999778e-01,5.999999999999999778e-01,8.000000000000000444e-01
6.299999999999999822e+00,2.534686663042048371e-01,7.067961732016627696e-01,2.000000000000000000e+00,5.999999999999999778e-01,5.999999999999999778e-01,8.000000000000000444e-01
6.450000000000000178e+00,3.214362682404411364e-01,6.431627048875301345e-01,2.000000000000000000e+00,5.999999999999999778e-01,5.999999999999999778e-01,8.000000000000000444e-01
6.599999999999999645e+00,4.097345685510622171e-01,5.893038570156418077e-01,2.000000000000000000e+00,5.999999999999999778e-01,5.999999999999999778e-01,8.000000000000000444e-01
6.750000000000000000e+00,5.245449204530637788e-01,5.448148969381564344e-01,2.000000000000000000e+00,5.999999999999999778e-01,5.999999999999999778e-01,8.000000000000000444e-01
6.899999999999999467e+00,6.738782728318133408e-01,5.095931818810220948e-01,2.000000000000000000e+00,5.999999999999999778e-01,5.999999999999999778e-01,8.000000000000000444e-01
7.049999999999999822e+00,8.680470146134749987e-01,4.839400019956778265e-01,2.000000000000000000e+00,5.999999999999999778e-01,5.999999999999999778e-01,8.000000000000000444e-01
7.199999999999999289e+00,1.120191517783439394e+00,4.687437241039450475e-01,2.000000000000000000e+00,5.999999999999999778e-01,5.999999999999999778e-01,8.000000000000000444e-01
7.349999999999999645e+00,1.446789855471802166e+00,4.658131041149656260e-01,2.000000000000000000e+00,5.999999999999999778e-01,5.999999999999999778e-01,8.000000000000000444e-01
7.500000000000000000e+00,1.867963929800473322e+00,4.785004653492480609e-01,2.000000000000000000e+00,5.999999999999999778e-01,5.999999999999999778e-01,8.000000000000000444e-01
7.649999999999999467e+00,2.407133908176629422e+00,5.129099618401888883e-01,2.000000000000000000e+00,5.999999999999999778e-01,5.999999999999999778e-01,8.000000000000000444e-01
7.799999999999999822e+00,3.088974316124322161e+00,5.803397565552036452e-01,2.000000000000000000e+00,5.999999999999999778e-01,5.999999999999999778e-01,8.000000000000000444e-01
7.949999999999999289e+00,3.933238717827960862e+00,7.024279973854191672e-01,2.000000000000000000e+00,5.999999999999999778e-01,5.999999999999999778e-01,8.000000000000000444e-01
8.099999999999999645e+00,4.938836530967777527e+00,9.223464225705030328e-01,2.000000000000000000e+00,5.999999999999999778e-01,5.999999999999999778e-01,8.000000000000000444e-01
8.250000000000000000e+00,6.045827563529028836e+00,1.329117802633808187e+00,2.000000000000000000e+00,5.999999999999999778e-01,5.999999999999999778e-01,8.000000000000000444e-01
8.400000000000000355e+00,7.053697621850226973e+00,2.105260603417193455e+00,2.000000000000000000e+00,5.999999999999999778e-01,5.999999999999999778e-01,8.000000000000000444e-01
8.549999999999998934e+00,7.494343922307537653e+00,3.580004011081643789e+00,2.000000000000000000e+00,5.999999999999999778e-01,5.999999999999999778e-01,8.000000000000000444e-01
8.699999999999999289e+00,6.675216638741710895e+00,6.073772628780349514e+00,2.000000000000000000e+00,5.999999999999999778e-01,5.999999999999999778e-01,8.000000000000000444e-01
8.849999999999999645e+00,4.571065266450500708e+00,9.029475349602380518e+00,2.000000000000000000e+00,5.999999999999999778e-01,5.999999999999999778e-01,8.000000000000000444e-01
9.000000000000000000e+00,2.564600059365536922e+00,1.081434858454017167e+01,2.000000000000000000e+00,5.999999999999999778e-01,5.999999999999999778e-01,8.000000000000000444e-01
9.150000000000000355e+00,1.373986523074147925e+00,1.114570896746241502e+01,2.000000000000000000e+00,5.999999999999999778e-01,5.999999999999999778e-01,8.000000000000000444e-01
9.299999999999998934e+00,7.467972518093233258e-01,1.070025199873260036e+01,2.000000000000000000e+00,5.999999999999999778e-01,5.999999999999999778e-01,8.000000000000000444e-01
9.449999999999999289e+00,4.221959966145734655e-01,9.924481515283067878e+00,2.000000000000000000e+00,5.999999999999999778e-01,5.999999999999999778e-01,8.000000000000000444e-01
9.599999999999999645e+00,2.523210588677702315e-01,9.041340113654062094e+00,2.000000000000000000e+00,5.999999999999999778e-01,5.999999999999999778e-01,8.000000000000000444e-01
9.750000000000000000e+00,1.608502976676033369e-01,8.156881517684380967e+00,2.000000000000000000e+00,5.999999999999999778e-01,5.999999999999999778e-01,8.000000000000000444e-01
9.900000000000000355e+00,1.097045597805326039e-01,7.318626877170973266e+00,2.000000000000000000e+00,5.999999999999999778e-01,5.999999999999999778e-01,8.000000000000000444e-01
1.004999999999999893e+01,7.996453835698547064e-02,6.545499300592491743e+00,2.000000000000000000e+00,5.999999999999999778e-01,5.999999999999999778e-01,8.000000000000000444e-01
1.019999999999999929e+01,6.207754752048096070e-02,5.842749328070443227e+00,2.000000000000000000e+00,5.999999999999999778e-01,5.999999999999999778e-01,8.000000000000000444e-01
1.034999999999999964e+01,5.108634967598654764e-02,5.209240058525856476e+00,2.000000000000000000e+00,5.999999999999999778e-01,5.999999999999999778e-01,8.000000000000000444e-01
1.050000000000000000e+01,4.433811393474539064e-02,4.640981118285170126e+00,2.000000000000000000e+00,5.999999999999999778e-01,5.999999999999999778e-01,8.000000000000000444e-01
1.065000000000000036e+01,4.037488709525306751e-02,4.132849226882302496e+00,2.000000000000000000e+00,5.999999999999999778e-01,5.999999999999999778e-01,8.000000000000000444e-01
1.079999999999999893e+01,3.838508230384266029e-02,3.679429258163918526e+00,2.000000000000000000e+00,5.999999999999999778e-01,5.999999999999999778e-01,8.000000000000000444e-01
1.094999999999999929e+01,3.792570224272941160e-02,3.275422526115248090e+00,2.000000000000000000e+00,5.999999999999999778e-01,5.999999999999999778e-01,8.000000000000000444e-01
1.109999999999999964e+01,3.877900392549164105e-02,2.915838121740924826e+00,2.000000000000000000e+00,5.999999999999999778e-01,5.999999999999999778e-01,8.000000000000000444e-01
1.125000000000000000e+01,4.087859600421698408e-02,2.596073660552502105e+00,2.000000000000000000e+00,5.999999999999999778e-01,5.999999999999999778e-01,8.000000000000000444e-01
1.140000000000000036e+01,4.427337647806669357e-02,2.311939146093450415e+00,2.000000000000000000e+00,5.999999999999999778e-01,5.999999999999999778e-01,8.000000000000000444e-01
1.154999999999999893e+01,4.911378832079278667e-02,2.059651759499558921e+00,2.000000000000000000e+00,5.999999999999999778e-01,5.999999999999999778e-01,8.000000000000000444e-01
1.169999999999999929e+01,5.565289273150163946e-02,1.835816320607944752e+00,2.000000000000000000e+00,5.999999999999999778e-01,5.999999999999999778e-01,8.000000000000000444e-01
1.184999999999999964e+01,6.425899151598765680e-02,1.637399404413582005e+00,2.000000000000000000e+00,5.999999999999999778e-01,5.999999999999999778e-01,8.000000000000000444e-01
1.200000000000000000e+01,7.543896348696713106e-02,1.461701518406916422e+00,2.000000000000000000e+00,5.999999999999999778e-01,5.999999999999999778e-01,8.000000000000000444e-01
0.000000000000000000e+00,5.000000000000000000e-01,5.000000000000000000e-01,2.299999999999999822e+00,9.000000000000000222e-01,9.000000000000000222e-01,1.100000000000000089e+00
1.499999999999999944e-01,6.601034492187499714e-01,4.578528007812500134e-01,2.299999999999999822e+00,9.000000000000000222e-01,9.000000000000000222e-01,1.100000000000000089e+00
2.999999999999999889e-01,8.754935815554358847e-01,4.297652989848285698e-01,2.299999999999999822e+00,9.000000000000000222e-01,9.000000000000000222e-01,1.100000000000000089e+00
4.499999999999999556e-01,1.164326341595551151e+00,4.170669031617952882e-01,2.299999999999999822e+00,9.000000000000000222e-01,9.000000000000000222e-01,1.100000000000000089e+00
5.999999999999999778e-01,1.549313415805246397e+00,4.232088241891970304e-01,2.299999999999999822e+00,9.000000000000000222e-01,9.000000000000000222e-01,1.100000000000000089e+00
7.500000000000000000e-01,2.056986102849072129e+00,4.556123633569040265e-01,2.299999999999999822e+00,9.000000000000000222e-01,9.000000000000000222e-01,1.100000000000000089e+00
8.999999999999999112e-01,2.713633711431088891e+00,5.298046218283648523e-01,2.299999999999999822e+00,9.000000000000000222e-01,9.000000000000000222e-01,1.100000000000000089e+00
1.050000000000000044e+00,3.532341410473813781e+00,6.790972084318783741e-01,2.299999999999999822e+00,9.000000000000000222e-01,9.000000000000000222e-01,1.100000000000000089e+00
1.199999999999999956e+00,4.477210289598779980e+00,9.777189556167531492e-01,2.299999999999999822e+00,9.000000000000000222e-01,9.000000000000000222e-01,1.100000000000000089e+00
1.349999999999999867e+00,5.374965546729299604e+00,1.592342965156163581e+00,2.299999999999999822e+00,9.000000000000000222e-01,9.000000000000000222e-01,1.100000000000000089e+00
1.500000000000000000e+00,5.753338224962015524e+00,2.852513920268381575e+00,2.299999999999999822e+00,9.000000000000000222e-01,9.000000000000000222e-01,1.100000000000000089e+00
1.649999999999999911e+00,4.876852827153784098e+00,5.059496487072320470e+00,2.299999999999999822e+00,9.000000000000000222e-01,9.000000000000000222e-01,1.100000000000000089e+00
1.799999999999999822e+00,2.962991283912795204e+00,7.330744535331826128e+00,2.299999999999999822e+00,9.000000000000000222e-01,9.000000000000000222e-01,1.100000000000000089e+00
1.949999999999999956e+00,1.546131874979353338e+00,8.088644777952810117e+00,2.299999999999999822e+00,9.000000000000000222e-01,9.000000000000000222e-01,1.100000000000000089e+00
2.100000000000000089e+00,8.132217071673824016e-01,7.791942015561833301e+00,2.299999999999999822e+00,9.000000000000000222e-01,9.000000000000000222e-01,1.100000000000000089e+00
2.250000000000000000e+00,4.484606362206857155e-01,7.087922168289778391e+00,2.299999999999999822e+00,9.000000000000000222e-01,9.000000000000000222e-01,1.100000000000000089e+00
2.399999999999999911e+00,2.667084879355292593e-01,6.268634265553515661e+00,2.299999999999999822e+00,9.000000000000000222e-01,9.000000000000000222e-01,1.100000000000000089e+00
2.549999999999999822e+00,1.737845249434960548e-01,5.462897188402227044e+00,2.299999999999999822e+00,9.000000000000000222e-01,9.000000000000000222e-01,1.100000000000000089e+00
2.699999999999999734e+00,1.244715269553002823e-01,4.722811892203631956e+00,2.299999999999999822e+00,9.000000000000000222e-01,9.000000000000000222e-01,1.100000000000000089e+00
2.850000000000000089e+00,9.754121725487173433e-02,4.064880875823959627e+00,2.299999999999999822e+00,9.000000000000000222e-01,9.000000000000000222e-01,1.100000000000000089e+00
3.000000000000000000e+00,8.292671292303410713e-02,3.489930581931430353e+00,2.299999999999999822e+00,9.000000000000000222e-01,9.000000000000000222e-01,1.100000000000000089e+00
3.149999999999999911e+00,7.575161651255979400e-02,2.992355817700025344e+00,2.299999999999999822e+00,9.000000000000000222e-01,9.000000000000000222e-01,1.100000000000000089e+00
3.299999999999999822e+00,7.364488173448990871e-02,2.564296447817029367e+00,2.299999999999999822e+00,9.000000000000000222e-01,9.000000000000000222e-01,1.100000000000000089e+00
3.449999999999999734e+00,7.553225171859014042e-02,2.197495855962006583e+00,2.299999999999999822e+00,9.000000000000000222e-01,9.000000000000000222e-01,1.100000000000000089e+00
3.599999999999999645e+00,8.108979301843913245e-02,1.884104726926850049e+00,2.299999999999999822e+00,9.000000000000000222e-01,9.000000000000000222e-01,1.100000000000000089e+00
3.750000000000000000e+00,9.050611207002813574e-02,1.617000829700229847e+00,2.299999999999999822e+00,9.000000000000000222e-01,9.000000000000000222e-01,1.100000000000000089e+00
3.899999999999999911e+00,1.044006644549387297e-01,1.389885372190475143e+00,2.299999999999999822e+00,9.000000000000000222e-01,9.000000000000000222e-01,1.100000000000000089e+00
4.049999999999999822e+00,1.238330644266458225e-01,1.197277836093474379e+00,2.299999999999999822e+00,9.000000000000000222e-01,9.000000000000000222e-01,1.100000000000000089e+00
4.200000000000000178e+00,1.503779646561646532e-01,1.034468120492226584e+00,2.299999999999999822e+00,9.000000000000000222e-01,9.000000000000000222e-01,1.100000000000000089e+00
4.349999999999999645e+00,1.862595134270254027e-01,8.974556008881950930e-01,2.299999999999999822e+00,9.000000000000000222e-01,9.000000000000000222e-01,1.100000000000000089e+00
4.500000000000000000e+00,2.345500970312107414e-01,7.828912882007026397e-01,2.299999999999999822e+00,9.000000000000000222e-01,9.000000000000000222e-01,1.100000000000000089e+00
4.649999999999999467e+00,2.994446196525067383e-01,6.880338895017047429e-01,2.299999999999999822e+00,9.000000000000000222e-01,9.000000000000000222e-01,1.100000000000000089e+00
4.799999999999999822e+00,3.866251331756461185e-01,6.107302217432162283e-01,2.299999999999999822e+00,9.000000000000000222e-01,9.000000000000000222e-01,1.100000000000000089e+00
4.950000000000000178e+00,5.037297592665807011e-01,5.494348166264454436e-01,2.299999999999999822e+00,9.000000000000000222e-01,9.000000000000000222e-01,1.100000000000000089e+00
5.099999999999999645e+00,6.609293489619031403e-01,5.032949553315420044e-01,2.299999999999999822e+00,9.000000000000000222e-01,9.000000000000000222e-01,1.100000000000000089e+00
5.250000000000000000e+00,8.715823497603735204e-01,4.723523578881803631e-01,2.299999999999999822e+00,9.000000000000000222e-01,9.000000000000000222e-01,1.100000000000000089e+00
5.399999999999999467e+00,1.152852423183952979e+00,4.579674319494927981e-01,2.299999999999999822e+00,9.000000000000000222e-01,9.000000000000000222e-01,1.100000000000000089e+00
5.549999999999999822e+00,1.525961281699514061e+00,4.636959165313015996e-01,2.299999999999999822e+00,9.000000000000000222e-01,9.000000000000000222e-01,1.100000000000000089e+00
5.700000000000000178e+00,2.015230795168351907e+00,4.971405395919306636e-01,2.299999999999999822e+00,9.000000000000000222e-01,9.000000000000000222e-01,1.100000000000000089e+00
5.849999999999999645e+00,2.643792498215058018e+00,5.740152331981838163e-01,2.299999999999999822e+00,9.000000000000000222e-01,9.000000000000000222e-01,1.100000000000000089e+00
6.000000000000000000e+00,3.420705883475049891e+00,7.274076357692015327e-01,2.299999999999999822e+00,9.000000000000000222e-01,9.000000000000000222e-01,1.100000000000000089e+00
6.149999999999999467e+00,4.306962537716357176e+00,1.029090923837604032e+00,2.299999999999999822e+00,9.000000000000000222e-01,9.000000000000000222e-01,1.100000000000000089e+00
6.299999999999999822e+00,5.135695870318521372e+00,1.634205857783127325e+00,2.299999999999999822e+00,9.000000000000000222e-01,9.000000000000000222e-01,1.100000000000000089e+00
6.450000000000000178e+00,5.477685022581254337e+00,2.833349943298285378e+00,2.299999999999999822e+00,9.000000000000000222e-01,9.000000000000000222e-01,1.100000000000000089e+00
6.599999999999999645e+00,4.696841106824614087e+00,4.866769322191156988e+00,2.299999999999999822e+00,9.000000000000000222e-01,9.000000000000000222e-01,1.100000000000000089e+00
6.750000000000000000e+00,2.962053403265975771e+00,6.977818050135152106e+00,2.299999999999999822e+00,9.000000000000000222e-01,9.000000000000000222e-01,1.100000000000000089e+00
6.899999999999999467e+00,1.589496817018499097e+00,7.780688879088440757e+00,2.299999999999999822e+00,9.000000000000000222e-01,9.000000000000000222e-01,1.100000000000000089e+00
7.049999999999999822e+00,8.515331491611747294e-01,7.557977776813003423e+00,2.299999999999999822e+00,9.000000000000000222e-01,9.000000000000000222e-01,1.100000000000000089e+00
7.199999999999999289e+00,4.777060269390247527e-01,6.910522564187751904e+00,2.299999999999999822e+00,9.000000000000000222e-01,9.000000000000000222e-01,1.100000000000000089e+00
7.349999999999999645e+00,2.886417229367814752e-01,6.133014441998794197e+00,2.299999999999999822e+00,9.000000000000000222e-01,9.000000000000000222e-01,1.100000000000000089e+00
7.500000000000000000e+00,1.906892871593925953e-01,5.358323694167658857e+00,2.299999999999999822e+00,9.000000000000000222e-01,9.000000000000000222e-01,1.100000000000000089e+00
7.649999999999999467e+00,1.381580752586651917e-01,4.641633276275515030e+00,2.299999999999999822e+00,9.000000000000000222e-01,9.000000000000000222e-01,1.100000000000000089e+00
7.799999999999999822e+00,1.092794564451929351e-01,4.001637272205877061e+00,2.299999999999999822e+00,9.000000000000000222e-01,9.000000000000000222e-01,1.100000000000000089e+00
7.949999999999999289e+00,9.359733376337288357e-02,3.440672497985952649e+00,2.299999999999999822e+00,9.000000000000000222e-01,9.000000000000000222e-01,1.100000000000000089e+00
8.099999999999999645e+00,8.599777931391676400e-02,2.954172385813755408e+00,2.299999999999999822e+00,9.000000000000000222e-01,9.000000000000000222e-01,1.100000000000000089e+00
8.250000000000000000e+00,8.398334297846578311e-02,2.535003477577692621e+00,2.299999999999999822e+00,9.000000000000000222e-01,9.000000000000000222e-01,1.100000000000000089e+00
8.400000000000000355e+00,8.643102906448230094e-02,2.175431248616887192e+00,2.299999999999999822e+00,9.000000000000000222e-01,9.000000000000000222e-01,1.100000000000000089e+00
8.549999999999998934e+00,9.302609686406641820e-02,1.867992761897915077e+00,2.299999999999999822e+00,9.000000000000000222e-01,9.000000000000000222e-01,1.100000000000000089e+00
8.699999999999999289e+00,1.040156652873264753e-01,1.605860554537696494e+00,2.299999999999999822e+00,9.000000000000000222e-01,9.000000000000000222e-01,1.100000000000000089e+00
8.849999999999999645e+00,1.201265110366361577e-01,1.382967962931003880e+00,2.299999999999999822e+00,9.000000000000000222e-01,9.000000000000000222e-01,1.100000000000000089e+00
9.000000000000000000e+00,1.425801029862272251e-01,1.194023920111571435e+00,2.299999999999999822e+00,9.000000000000000222e-01,9.000000000000000222e-01,1.100000000000000089e+00
9.150000000000000355e+00,1.731785805404988388e-01,1.034479928718973207e+00,2.299999999999999822e+00,9.000000000000000222e-01,9.000000000000000222e-01,1.100000000000000089e+00
9.299999999999998934e+00,2.144553865413169613e-01,9.004814623874890511e-01,2.299999999999999822e+00,9.000000000000000222e-01,9.000000000000000222e-01,1.100000000000000089e+00
9.449999999999999289e+00,2.698950288011229826e-01,7.888221488182070029e-01,2.299999999999999822e+00,9.000000000000000222e-01,9.000000000000000222e-01,1.100000000000000089e+00
9.599999999999999645e+00,3.442323383973501238e-01,6.969138848521091445e-01,2.299999999999999822e+00,9.000000000000000222e-01,9.000000000000000222e-01,1.100000000000000089e+00
9.750000000000000000e+00,4.438432104398121747e-01,6.227866781543491825e-01,2.299999999999999822e+00,9.000000000000000222e-01,9.000000000000000222e-01,1.100000000000000089e+00
9.900000000000000355e+00,5.772333782574146088e-01,5.651387727001231376e-01,2.299999999999999822e+00,9.000000000000000222e-01,9.000000000000000222e-01,1.100000000000000089e+00
1.004999999999999893e+01,7.556111363952269233e-01,5.234741665829715229e-01,2.299999999999999822e+00,9.000000000000000222e-01,9.000000000000000222e-01,1.100000000000000089e+00
1.019999999999999929e+01,9.934746129887550570e-01,4.984008297341364635e-01,2.299999999999999822e+00,9.000000000000000222e-01,9.000000000000000222e-01,1.100000000000000089e+00
1.034999999999999964e+01,1.309008470100625487e+00,4.922427268259085276e-01,2.299999999999999822e+00,9.000000000000000222e-01,9.000000000000000222e-01,1.100000000000000089e+00
1.050000000000000000e+01,1.723759678453596234e+00,5.103006661623280538e-01,2.299999999999999822e+00,9.000000000000000222e-01,9.000000000000000222e-01,1.100000000000000089e+00
1.065000000000000036e+01,2.260282398925704594e+00,5.635256811289041101e-01,2.299999999999999822e+00,9.000000000000000222e-01,9.000000000000000222e-01,1.100000000000000089e+00
1.079999999999999893e+01,2.934569867588716185e+00,6.743918941930636679e-01,2.299999999999999822e+00,9.000000000000000222e-01,9.000000000000000222e-01,1.100000000000000089e+00
1.094999999999999929e+01,3.735733084238655799e+00,8.900755674420716135e-01,2.299999999999999822e+00,9.000000000000000222e-01,9.000000000000000222e-01,1.100000000000000089e+00
1.109999999999999964e+01,4.576818163764004410e+00,1.310928859850110761e+00,2.299999999999999822e+00,9.000000000000000222e-01,9.000000000000000222e-01,1.100000000000000089e+00
1.125000000000000000e+01,5.196217025892543973e+00,2.137905939554714418e+00,2.299999999999999822e+00,9.000000000000000222e-01,9.000000000000000222e-01,1.100000000000000089e+00
1.140000000000000036e+01,5.072479532984930373e+00,3.657497811588512171e+00,2.299999999999999822e+00,9.000000000000000222e-01,9.000000000000000222e-01,1.100000000000000089e+00
1.154999999999999893e+01,3.819920888658556724e+00,5.769565720461851122e+00,2.299999999999999822e+00,9.000000000000000222e-01,9.000000000000000222e-01,1.100000000000000089e+00
1.169999999999999929e+01,2.226721725888075376e+00,7.275828128359684399e+00,2.299999999999999822e+00,9.000000000000000222e-01,9.000000000000000222e-01,1.100000000000000089e+00
1.184999999999999964e+01,1.206078868637376456e+00,7.538010482744184948e+00,2.299999999999999822e+00,9.000000000000000222e-01,9.000000000000000222e-01,1.100000000000000089e+00
1.200000000000000000e+01,6.681051104652274697e-01,7.109725002105420799e+00,2.299999999999999822e+00,9.000000000000000222e-01,9.000000000000000222e-01,1.100000000000000089e+00
0.000000000000000000e+00,5.000000000000000000e-01,5.000000000000000000e-01,2.600000000000000089e+00,1.199999999999999956e+00,1.199999999999999956e+00,1.399999999999999911e+00
1.499999999999999944e-01,6.760099999999999998e-01,4.495399999999999952e-01,2.600000000000000089e+00,1.199999999999999956e+00,1.199999999999999956e+00,1.399999999999999911e+00
2.999999999999999889e-01,9.204055586798438604e-01,4.192976079085562469e-01,2.600000000000000089e+00,1.199999999999999956e+00,1.199999999999999956e+00,1.399999999999999911e+00
4.499999999999999556e-01,1.257447722942402368e+00,4.115635810130752192e-01,2.600000000000000089e+00,1.199999999999999956e+00,1.199999999999999956e+00,1.399999999999999911e+00
5.999999999999999778e-01,1.716446747875674861e+00,4.332986291649926214e-01,2.600000000000000089e+00,1.199999999999999956e+00,1.199999999999999956e+00,1.399999999999999911e+00
7.500000000000000000e-01,2.326844340689377066e+00,5.012509286111692663e-01,2.600000000000000089e+00,1.199999999999999956e+00,1.199999999999999956e+00,1.399999999999999911e+00
8.999999999999999112e-01,3.100432115453902959e+00,6.548968709212317219e-01,2.600000000000000089e+00,1.199999999999999956e+00,1.199999999999999956e+00,1.399999999999999911e+00
1.050000000000000044e+00,3.977991111360099197e+00,9.895613778233007807e-01,2.600000000000000089e+00,1.199999999999999956e+00,1.199999999999999956e+00,1.399999999999999911e+00
1.199999999999999956e+00,4.692869059426145739e+00,1.730068942527916764e+00,2.600000000000000089e+00,1.199999999999999956e+00,1.199999999999999956e+00,1.399999999999999911e+00
1.349999999999999867e+00,4.575920664616445421e+00,3.270537206137628772e+00,2.600000000000000089e+00,1.199999999999999956e+00,1.199999999999999956e+00,1.399999999999999911e+00
1.500000000000000000e+00,3.094708329443181860e+00,5.461511084719864684e+00,2.600000000000000089e+00,1.199999999999999956e+00,1.199999999999999956e+00,1.399999999999999911e+00
1.649999999999999911e+00,1.588757778630290662e+00,6.470563116454295383e+00,2.600000000000000089e+00,1.199999999999999956e+00,1.199999999999999956e+00,1.399999999999999911e+00
1.799999999999999822e+00,8.188639039037499678e-01,6.209626712071107946e+00,2.600000000000000089e+00,1.199999999999999956e+00,1.199999999999999956e+00,1.399999999999999911e+00
1.949999999999999956e+00,4.475833730978633906e-01,5.520858109511069145e+00,2.600000000000000089e+00,1.199999999999999956e+00,1.199999999999999956e+00,1.399999999999999911e+00
2.100000000000000089e+00,2.703354888429355674e-01,4.735620551182969429e+00,2.600000000000000089e+00,1.199999999999999956e+00,1.199999999999999956e+00,1.399999999999999911e+00
2.250000000000000000e+00,1.842247825438489695e-01,3.988530089441817417e+00,2.600000000000000089e+00,1.199999999999999956e+00,1.199999999999999956e+00,1.399999999999999911e+00
2.399999999999999911e+00,1.415763492868376827e-01,3.327713803519360969e+00,2.600000000000000089e+00,1.199999999999999956e+00,1.199999999999999956e+00,1.399999999999999911e+00
2.549999999999999822e+00,1.212689402042741865e-01,2.763118279939812183e+00,2.600000000000000089e+00,1.199999999999999956e+00,1.199999999999999956e+00,1.399999999999999911e+00
2.699999999999999734e+00,1.140137388623404802e-01,2.289468447174022980e+00,2.600000000000000089e+00,1.199999999999999956e+00,1.199999999999999956e+00,1.399999999999999911e+00
2.850000000000000089e+00,1.158743554346159110e-01,1.896342672638021698e+00,2.600000000000000089e+00,1.199999999999999956e+00,1.199999999999999956e+00,1.399999999999999911e+00
3.000000000000000000e+00,1.255723448584072366e-01,1.572364497058962307e+00,2.600000000000000089e+00,1.199999999999999956e+00,1.199999999999999956e+00,1.399999999999999911e+00
3.149999999999999911e+00,1.434101581568762440e-01,1.306861711028660666e+00,2.600000000000000089e+00,1.199999999999999956e+00,1.199999999999999956e+00,1.399999999999999911e+00
3.299999999999999822e+00,1.709100968978049528e-01,1.090452886696847035e+00,2.600000000000000089e+00,1.199999999999999956e+00,1.199999999999999956e+00,1.399999999999999911e+00
3.449999999999999734e+00,2.108141625820833531e-01,9.151869035566143618e-01,2.600000000000000089e+00,1.199999999999999956e+00,1.199999999999999956e+00,1.399999999999999911e+00
3.599999999999999645e+00,2.673129232030795333e-01,7.745102494068460963e-01,2.600000000000000089e+00,1.199999999999999956e+00,1.199999999999999956e+00,1.399999999999999911e+00
3.750000000000000000e+00,3.464635626304494176e-01,6.631916201259914212e-01,2.600000000000000089e+00,1.199999999999999956e+00,1.199999999999999956e+00,1.399999999999999911e+00
3.899999999999999911e+00,4.567918935173070905e-01,5.772780941039370450e-01,2.600000000000000089e+00,1.199999999999999956e+00,1.199999999999999956e+00,1.399999999999999911e+00
4.049999999999999822e+00,6.100691499050503452e-01,5.141497004037425267e-01,2.600000000000000089e+00,1.199999999999999956e+00,1.199999999999999956e+00,1.399999999999999911e+00
4.200000000000000178e+00,8.221946100491887011e-01,4.727745203669101448e-01,2.600000000000000089e+00,1.199999999999999956e+00,1.199999999999999956e+00,1.399999999999999911e+00
4.349999999999999645e+00,1.113930207695465802e+00,4.543742658607264340e-01,2.600000000000000089e+00,1.199999999999999956e+00,1.199999999999999956e+00,1.399999999999999911e+00
4.500000000000000000e+00,1.510732170673886987e+00,4.639882070118011570e-01,2.600000000000000089e+00,1.199999999999999956e+00,1.199999999999999956e+00,1.399999999999999911e+00
4.649999999999999467e+00,2.039592575467333191e+00,5.141460036511670273e-01,2.600000000000000089e+00,1.199999999999999956e+00,1.199999999999999956e+00,1.399999999999999911e+00
4.799999999999999822e+00,2.717266835408738590e+00,6.337631100454068633e-01,2.600000000000000089e+00,1.199999999999999956e+00,1.199999999999999956e+00,1.399999999999999911e+00
4.950000000000000178e+00,3.515264691144782017e+00,8.900380984752502833e-01,2.600000000000000089e+00,1.199999999999999956e+00,1.199999999999999956e+00,1.399999999999999911e+00
5.099999999999999645e+00,4.269466285143657558e+00,1.437892100103417281e+00,2.600000000000000089e+00,1.199999999999999956e+00,1.199999999999999956e+00,1.399999999999999911e+00
5.250000000000000000e+00,4.517206946055935646e+00,2.578176661642342715e+00,2.600000000000000089e+00,1.199999999999999956e+00,1.199999999999999956e+00,1.399999999999999911e+00
5.399999999999999467e+00,3.609686189084585273e+00,4.477480905964358548e+00,2.600000000000000089e+00,1.199999999999999956e+00,1.199999999999999956e+00,1.399999999999999911e+00
5.549999999999999822e+00,2.046916177903723710e+00,6.008238375932018371e+00,2.600000000000000089e+00,1.199999999999999956e+00,1.199999999999999956e+00,1.399999999999999911e+00
5.700000000000000178e+00,1.066767464725287162e+00,6.148992513116611214e+00,2.600000000000000089e+00,1.199999999999999956e+00,1.199999999999999956e+00,1.399999999999999911e+00
5.849999999999999645e+00,5.791628505493644496e-01,5.623845523080548858e+00,2.600000000000000089e+00,1.199999999999999956e+00,1.199999999999999956e+00,1.399999999999999911e+00
6.000000000000000000e+00,3.426029247363902019e-01,4.897437919502448445e+00,2.600000000000000089e+00,1.199999999999999956e+00,1.199999999999999956e+00,1.399999999999999911e+00
6.149999999999999467e+00,2.269777138177795917e-01,4.161654432557400973e+00,2.600000000000000089e+00,1.199999999999999956e+00,1.199999999999999956e+00,1.399999999999999911e+00
6.299999999999999822e+00,1.693209946082643025e-01,3.491902613017247692e+00,2.600000000000000089e+00,1.199999999999999956e+00,1.199999999999999956e+00,1.399999999999999911e+00
6.450000000000000178e+00,1.410222423242263323e-01,2.910882687852266670e+00,2.600000000000000089e+00,1.199999999999999956e+00,1.199999999999999956e+00,1.399999999999999911e+00
6.599999999999999645e+00,1.293033224661226943e-01,2.419057665559422698e+00,2.600000000000000089e+00,1.199999999999999956e+00,1.199999999999999956e+00,1.399999999999999911e+00
6.750000000000000000e+00,1.285802139362389462e-01,2.008489920839474863e+00,2.600000000000000089e+00,1.199999999999999956e+00,1.199999999999999956e+00,1.399999999999999911e+00
6.899999999999999467e+00,1.367599212033918654e-01,1.668793730215169635e+00,2.600000000000000089e+00,1.199999999999999956e+00,1.199999999999999956e+00,1.399999999999999911e+00
7.049999999999999822e+00,1.537141746789108254e-01,1.389602555073907508e+00,2.600000000000000089e+00,1.199999999999999956e+00,1.199999999999999956e+00,1.399999999999999911e+00
7.199999999999999289e+00,1.807134879267839334e-01,1.161531445775215721e+00,2.600000000000000089e+00,1.199999999999999956e+00,1.199999999999999956e+00,1.399999999999999911e+00
7.349999999999999645e+00,2.203259276239796227e-01,9.764958543521011780e-01,2.600000000000000089e+00,1.199999999999999956e+00,1.199999999999999956e+00,1.399999999999999911e+00
7.500000000000000000e+00,2.765873988924709703e-01,8.277669286610088717e-01,2.600000000000000089e+00,1.199999999999999956e+00,1.199999999999999956e+00,1.399999999999999911e+00
7.649999999999999467e+00,3.553747805974249996e-01,7.099410152769262128e-01,2.600000000000000089e+00,1.199999999999999956e+00,1.199999999999999956e+00,1.399999999999999911e+00
7.799999999999999822e+00,4.649599727411948269e-01,6.189208886520658481e-01,2.600000000000000089e+00,1.199999999999999956e+00,1.199999999999999956e+00,1.399999999999999911e+00
7.949999999999999289e+00,6.167216938154161943e-01,5.519878161178249920e-01,2.600000000000000089e+00,1.199999999999999956e+00,1.199999999999999956e+00,1.399999999999999911e+00
8.099999999999999645e+00,8.259295121485604740e-01,5.080741986582407721e-01,2.600000000000000089e+00,1.199999999999999956e+00,1.199999999999999956e+00,1.399999999999999911e+00
8.250000000000000000e+00,1.112323477524915338e+00,4.884519291291202769e-01,2.600000000000000089e+00,1.199999999999999956e+00,1.199999999999999956e+00,1.399999999999999911e+00
8.400000000000000355e+00,1.499706057289931449e+00,4.983240723704894237e-01,2.600000000000000089e+00,1.199999999999999956e+00,1.199999999999999956e+00,1.399999999999999911e+00
8.549999999999998934e+00,2.012449936428044595e+00,5.505018518196355126e-01,2.600000000000000089e+00,1.199999999999999956e+00,1.199999999999999956e+00,1.399999999999999911e+00
8.699999999999999289e+00,2.663450933910669782e+00,6.741120236581109593e-01,2.600000000000000089e+00,1.199999999999999956e+00,1.199999999999999956e+00,1.399999999999999911e+00
8.849999999999999645e+00,3.419901958805988684e+00,9.353078795207969698e-01,2.600000000000000089e+00,1.199999999999999956e+00,1.199999999999999956e+00,1.399999999999999911e+00
9.000000000000000000e+00,4.119270481521299487e+00,1.481265841291051988e+00,2.600000000000000089e+00,1.199999999999999956e+00,1.199999999999999956e+00,1.399999999999999911e+00
9.150000000000000355e+00,4.330956206828652455e+00,2.581468537638981431e+00,2.600000000000000089e+00,1.199999999999999956e+00,1.199999999999999956e+00,1.399999999999999911e+00
9.299999999999998934e+00,3.489336411017294193e+00,4.352611193959282865e+00,2.600000000000000089e+00,1.199999999999999956e+00,1.199999999999999956e+00,1.399999999999999911e+00
9.449999999999999289e+00,2.039879248790775534e+00,5.790063181643251511e+00,2.600000000000000089e+00,1.199999999999999956e+00,1.199999999999999956e+00,1.399999999999999911e+00
9.599999999999999645e+00,1.085200093613496453e+00,5.969390080124858500e+00,2.600000000000000089e+00,1.199999999999999956e+00,1.199999999999999956e+00,1.399999999999999911e+00
9.750000000000000000e+00,5.993113522725654896e-01,5.489278395151475642e+00,2.600000000000000089e+00,1.199999999999999956e+00,1.199999999999999956e+00,1.399999999999999911e+00
9.900000000000000355e+00,3.602174738538579390e-01,4.798322964596156481e+00,2.600000000000000089e+00,1.199999999999999956e+00,1.199999999999999956e+00,1.399999999999999911e+00
1.004999999999999893e+01,2.418822216691427218e-01,4.089357021314357965e+00,2.600000000000000089e+00,1.199999999999999956e+00,1.199999999999999956e+00,1.399999999999999911e+00
1.019999999999999929e+01,1.823465094167230349e-01,3.439613581697901434e+00,2.600000000000000089e+00,1.199999999999999956e+00,1.199999999999999956e+00,1.399999999999999911e+00
1.034999999999999964e+01,1.530617718924123516e-01,2.873536654616047237e+00,2.600000000000000089e+00,1.199999999999999956e+00,1.199999999999999956e+00,1.399999999999999911e+00
1.050000000000000000e+01,1.411289210914146997e-01,2.392971984926937967e+00,2.600000000000000089e+00,1.199999999999999956e+00,1.199999999999999956e+00,1.399999999999999911e+00
1.065000000000000036e+01,1.408793193954978595e-01,1.990998887791015859e+00,2.600000000000000089e+00,1.199999999999999956e+00,1.199999999999999956e+00,1.399999999999999911e+00
1.079999999999999893e+01,1.502128890704561293e-01,1.657967393275631585e+00,2.600000000000000089e+00,1.199999999999999956e+00,1.199999999999999956e+00,1.399999999999999911e+00
1.094999999999999929e+01,1.690734494753093620e-01,1.384049982360967990e+00,2.600000000000000089e+00,1.199999999999999956e+00,1.199999999999999956e+00,1.399999999999999911e+00
1.109999999999999964e+01,1.988831142117930550e-01,1.160268474910451708e+00,2.600000000000000089e+00,1.199999999999999956e+00,1.199999999999999956e+00,1.399999999999999911e+00
1.125000000000000000e+01,2.424476112009744111e-01,9.788600718292113090e-01,2.600000000000000089e+00,1.199999999999999956e+00,1.199999999999999956e+00,1.399999999999999911e+00
1.140000000000000036e+01,3.041386104487034392e-01,8.333696278311857331e-01,2.600000000000000089e+00,1.199999999999999956e+00,1.199999999999999956e+00,1.399999999999999911e+00
1.154999999999999893e+01,3.902801453939870324e-01,7.186532371823176613e-01,2.600000000000000089e+00,1.199999999999999956e+00,1.199999999999999956e+00,1.399999999999999911e+00
1.169999999999999929e+01,5.097075828644828110e-01,6.308992766899227389e-01,2.600000000000000089e+00,1.199999999999999956e+00,1.199999999999999956e+00,1.399999999999999911e+00
1.184999999999999964e+01,6.744541402100484584e-01,5.677594154354395073e-01,2.600000000000000089e+00,1.199999999999999956e+00,1.199999999999999956e+00,1.399999999999999911e+00
1.200000000000000000e+01,9.004292249501094636e-01,5.287252054364626197e-01,2.600000000000000089e+00,1.199999999999999956e+00,1.199999999999999956e+00,1.399999999999999911e+00
0.000000000000000000e+00,5.000000000000000000e-01,5.000000000000000000e-01,2.899999999999999911e+00,1.500000000000000000e+00,1.500000000000000000e+00,1.699999999999999956e+00
1.499999999999999944e-01,6.925518945312499897e-01,4.416043554687499872e-01,2.899999999999999911e+00,1.500000000000000000e+00,1.500000000000000000e+00,1.699999999999999956e+00
2.999999999999999889e-01,9.685661165442530640e-01,4.103824656106804802e-01,2.899999999999999911e+00,1.500000000000000000e+00,1.500000000000000000e+00,1.699999999999999956e+00
4.499999999999999556e-01,1.359548458132410431e+00,4.102052945807679318e-01,2.899999999999999911e+00,1.500000000000000000e+00,1.500000000000000000e+00,1.699999999999999956e+00
5.999999999999999778e-01,1.901019805804841756e+00,4.542112593441883783e-01,2.899999999999999911e+00,1.500000000000000000e+00,1.500000000000000000e+00,1.699999999999999956e+00
7.500000000000000000e-01,2.616597011323494648e+00,5.773551385864612584e-01,2.899999999999999911e+00,1.500000000000000000e+00,1.500000000000000000e+00,1.699999999999999956e+00
8.999999999999999112e-01,3.462663801015431808e+00,8.713479998590069053e-01,2.899999999999999911e+00,1.500000000000000000e+00,1.500000000000000000e+00,1.699999999999999956e+00
1.050000000000000044e+00,4.168502552436158304e+00,1.571306243254863677e+00,2.899999999999999911e+00,1.500000000000000000e+00,1.500000000000000000e+00,1.699999999999999956e+00
1.199999999999999956e+00,3.977670155138201213e+00,3.111790409908866017e+00,2.899999999999999911e+00,1.500000000000000000e+00,1.500000000000000000e+00,1.699999999999999956e+00
1.349999999999999867e+00,2.407941090942188556e+00,5.134991753041260765e+00,2.899999999999999911e+00,1.500000000000000000e+00,1.500000000000000000e+00,1.699999999999999956e+00
1.500000000000000000e+00,1.186558748810848885e+00,5.529364006444685842e+00,2.899999999999999911e+00,1.500000000000000000e+00,1.500000000000000000e+00,1.699999999999999956e+00
1.649999999999999911e+00,6.132112147697237337e-01,4.991622466168360361e+00,2.899999999999999911e+00,1.500000000000000000e+00,1.500000000000000000e+00,1.699999999999999956e+00
1.799999999999999822e+00,3.489984061894053635e-01,4.232422168028058707e+00,2.899999999999999911e+00,1.500000000000000000e+00,1.500000000000000000e+00,1.699999999999999956e+00
1.949999999999999956e+00,2.293139208668609208e-01,3.480618990265982760e+00,2.899999999999999911e+00,1.500000000000000000e+00,1.500000000000000000e+00,1.699999999999999956e+00
2.100000000000000089e+00,1.752829607159164249e-01,2.819746517389892126e+00,2.899999999999999911e+00,1.500000000000000000e+00,1.500000000000000000e+00,1.699999999999999956e+00
2.250000000000000000e+00,1.534056176497238522e-01,2.268731124862876314e+00,2.899999999999999911e+00,1.500000000000000000e+00,1.500000000000000000e+00,1.699999999999999956e+00
2.399999999999999911e+00,1.502471142825910766e-01,1.821354542541625321e+00,2.899999999999999911e+00,1.500000000000000000e+00,1.500000000000000000e+00,1.699999999999999956e+00
2.549999999999999822e+00,1.610615736912639206e-01,1.463641879536265122e+00,2.899999999999999911e+00,1.500000000000000000e+00,1.500000000000000000e+00,1.699999999999999956e+00
2.699999999999999734e+00,1.853967940078345422e-01,1.180665816190891837e+00,2.899999999999999911e+00,1.500000000000000000e+00,1.500000000000000000e+00,1.699999999999999956e+00
2.850000000000000089e+00,2.255940120617976885e-01,9.589822070399687259e-01,2.899999999999999911e+00,1.500000000000000000e+00,1.500000000000000000e+00,1.699999999999999956e+00
3.000000000000000000e+00,2.865325949629248803e-01,7.873660366050607706e-01,2.899999999999999911e+00,1.500000000000000000e+00,1.500000000000000000e+00,1.699999999999999956e+00
3.149999999999999911e+00,3.760203213117251364e-01,6.569377847744929388e-01,2.899999999999999911e+00,1.500000000000000000e+00,1.500000000000000000e+00,1.699999999999999956e+00
3.299999999999999822e+00,5.056110379924588782e-01,5.611566057191004209e-01,2.899999999999999911e+00,1.500000000000000000e+00,1.500000000000000000e+00,1.699999999999999956e+00
3.449999999999999734e+00,6.917108147954054154e-01,4.959601181114881019e-01,2.899999999999999911e+00,1.500000000000000000e+00,1.500000000000000000e+00,1.699999999999999956e+00
3.599999999999999645e+00,9.566656621612004141e-01,4.603689294971378132e-01,2.899999999999999911e+00,1.500000000000000000e+00,1.500000000000000000e+00,1.699999999999999956e+00
3.750000000000000000e+00,1.328881906291080384e+00,4.582009098986390416e-01,2.899999999999999911e+00,1.500000000000000000e+00,1.500000000000000000e+00,1.699999999999999956e+00
3.899999999999999911e+00,1.839125268389100398e+00,5.025405749504971986e-01,2.899999999999999911e+00,1.500000000000000000e+00,1.500000000000000000e+00,1.699999999999999956e+00
4.049999999999999822e+00,2.504665982917183342e+00,6.274708481659913017e-01,2.899999999999999911e+00,1.500000000000000000e+00,1.500000000000000000e+00,1.699999999999999956e+00
4.200000000000000178e+00,3.278115909313097376e+00,9.189230848331886303e-01,2.899999999999999911e+00,1.500000000000000000e+00,1.500000000000000000e+00,1.699999999999999956e+00
4.349999999999999645e+00,3.910840907097857588e+00,1.584047737438135872e+00,2.899999999999999911e+00,1.500000000000000000e+00,1.500000000000000000e+00,1.699999999999999956e+00
4.500000000000000000e+00,3.760498724049527564e+00,2.972305661073679328e+00,2.899999999999999911e+00,1.500000000000000000e+00,1.500000000000000000e+00,1.699999999999999956e+00
4.649999999999999467e+00,2.414627068031446999e+00,4.780841670297227175e+00,2.899999999999999911e+00,1.500000000000000000e+00,1.500000000000000000e+00,1.699999999999999956e+00
4.799999999999999822e+00,1.228656071893442947e+00,5.285852737526539613e+00,2.899999999999999911e+00,1.500000000000000000e+00,1.500000000000000000e+00,1.699999999999999956e+00
4.950000000000000178e+00,6.475590753639287600e-01,4.837490007873663345e+00,2.899999999999999911e+00,1.500000000000000000e+00,1.500000000000000000e+00,1.699999999999999956e+00
5.099999999999999645e+00,3.760169103834844484e-01,4.132541482323901505e+00,2.899999999999999911e+00,1.500000000000000000e+00,1.500000000000000000e+00,1.699999999999999956e+00
5.250000000000000000e+00,2.510372463597029258e-01,3.416603666347926449e+00,2.899999999999999911e+00,1.500000000000000000e+00,1.500000000000000000e+00,1.699999999999999956e+00
5.399999999999999467e+00,1.939996283504280272e-01,2.779863582767817753e+00,2.899999999999999911e+00,1.500000000000000000e+00,1.500000000000000000e+00,1.699999999999999956e+00
5.549999999999999822e+00,1.709480325660282241e-01,2.245312327389220819e+00,2.899999999999999911e+00,1.500000000000000000e+00,1.500000000000000000e+00,1.699999999999999956e+00
5.700000000000000178e+00,1.680633912939714092e-01,1.809384319476119662e+00,2.899999999999999911e+00,1.500000000000000000e+00,1.500000000000000000e+00,1.699999999999999956e+00
5.849999999999999645e+00,1.804529826197828202e-01,1.459832722755822765e+00,2.899999999999999911e+00,1.500000000000000000e+00,1.500000000000000000e+00,1.699999999999999956e+00
6.000000000000000000e+00,2.077329445800334962e-01,1.182879538659625585e+00,2.899999999999999911e+00,1.500000000000000000e+00,1.500000000000000000e+00,1.699999999999999956e+00
6.149999999999999467e+00,2.524996388916595502e-01,9.658806453728371322e-01,2.899999999999999911e+00,1.500000000000000000e+00,1.500000000000000000e+00,1.699999999999999956e+00
6.299999999999999822e+00,3.200664182648133016e-01,7.982129255024281722e-01,2.899999999999999911e+00,1.500000000000000000e+00,1.500000000000000000e+00,1.699999999999999956e+00
6.450000000000000178e+00,4.188535758235156781e-01,6.715128211942043013e-01,2.899999999999999911e+00,1.500000000000000000e+00,1.500000000000000000e+00,1.699999999999999956e+00
6.599999999999999645e+00,5.611818543848410279e-01,5.797781852164080041e-01,2.899999999999999911e+00,1.500000000000000000e+00,1.500000000000000000e+00,1.699999999999999956e+00
6.750000000000000000e+00,7.642618546081370035e-01,5.196575634643785246e-01,2.899999999999999911e+00,1.500000000000000000e+00,1.500000000000000000e+00,1.699999999999999956e+00
6.899999999999999467e+00,1.050907760490652709e+00,4.913278624734636058e-01,2.899999999999999911e+00,1.500000000000000000e+00,1.500000000000000000e+00,1.699999999999999956e+00
7.049999999999999822e+00,1.448616691299777548e+00,5.007975972017323363e-01,2.899999999999999911e+00,1.500000000000000000e+00,1.500000000000000000e+00,1.699999999999999956e+00
7.199999999999999289e+00,1.983128620689314836e+00,5.657558455901273708e-01,2.899999999999999911e+00,1.500000000000000000e+00,1.500000000000000000e+00,1.699999999999999956e+00
7.349999999999999645e+00,2.655670549999700647e+00,7.305373611299286196e-01,2.899999999999999911e+00,1.500000000000000000e+00,1.500000000000000000e+00,1.699999999999999956e+00
7.500000000000000000e+00,3.376632308219010170e+00,1.102918824557375777e+00,2.899999999999999911e+00,1.500000000000000000e+00,1.500000000000000000e+00,1.699999999999999956e+00
7.649999999999999467e+00,3.815490932244367528e+00,1.917893979406295912e+00,2.899999999999999911e+00,1.500000000000000000e+00,1.500000000000000000e+00,1.699999999999999956e+00
7.799999999999999822e+00,3.330227947988598114e+00,3.429144205610361595e+00,2.899999999999999911e+00,1.500000000000000000e+00,1.500000000000000000e+00,1.699999999999999956e+00
7.949999999999999289e+00,1.976708551006147951e+00,4.896987781248760996e+00,2.899999999999999911e+00,1.500000000000000000e+00,1.500000000000000000e+00,1.699999999999999956e+00
8.099999999999999645e+00,1.029218992509334463e+00,5.050444722876116899e+00,2.899999999999999911e+00,1.500000000000000000e+00,1.500000000000000000e+00,1.699999999999999956e+00
8.250000000000000000e+00,5.645995861588151143e-01,4.532994744633706219e+00,2.899999999999999911e+00,1.500000000000000000e+00,1.500000000000000000e+00,1.699999999999999956e+00
8.400000000000000355e+00,3.462299006095324039e-01,3.843181005233001102e+00,2.899999999999999911e+00,1.500000000000000000e+00,1.500000000000000000e+00,1.699999999999999956e+00
8.549999999999998934e+00,2.445347856573824585e-01,3.169894367744120700e+00,2.899999999999999911e+00,1.500000000000000000e+00,1.500000000000000000e+00,1.699999999999999956e+00
8.699999999999999289e+00,1.985505699197369633e-01,2.579954414244899130e+00,2.899999999999999911e+00,1.500000000000000000e+00,1.500000000000000000e+00,1.699999999999999956e+00
8.849999999999999645e+00,1.821221759887639569e-01,2.087766547723829191e+00,2.899999999999999911e+00,1.500000000000000000e+00,1.500000000000000000e+00,1.699999999999999956e+00
9.000000000000000000e+00,1.847406906983402319e-01,1.687585010121397167e+00,2.899999999999999911e+00,1.500000000000000000e+00,1.500000000000000000e+00,1.699999999999999956e+00
9.150000000000000355e+00,2.031378380409951390e-01,1.367361465609680415e+00,2.899999999999999911e+00,1.500000000000000000e+00,1.500000000000000000e+00,1.699999999999999956e+00
9.299999999999998934e+00,2.380261633188240633e-01,1.114275303119311111e+00,2.899999999999999911e+00,1.500000000000000000e+00,1.500000000000000000e+00,1.699999999999999956e+00
9.449999999999999289e+00,2.930518631234473315e-01,9.168106875638237785e-01,2.899999999999999911e+00,1.500000000000000000e+00,1.500000000000000000e+00,1.699999999999999956e+00
9.599999999999999645e+00,3.747646063263203597e-01,7.654672085255858072e-01,2.899999999999999911e+00,1.500000000000000000e+00,1.500000000000000000e+00,1.699999999999999956e+00
9.750000000000000000e+00,4.931355072244701376e-01,6.530011570644088659e-01,2.899999999999999911e+00,1.500000000000000000e+00,1.500000000000000000e+00,1.699999999999999956e+00
9.900000000000000355e+00,6.623788888476100922e-01,5.746472576691679102e-01,2.899999999999999911e+00,1.500000000000000000e+00,1.500000000000000000e+00,1.699999999999999956e+00
1.004999999999999893e+01,9.017470737726182017e-01,5.286846495656911671e-01,2.899999999999999911e+00,1.500000000000000000e+00,1.500000000000000000e+00,1.699999999999999956e+00
1.019999999999999929e+01,1.235454014790176913e+00,5.179215749405114977e-01,2.899999999999999911e+00,1.500000000000000000e+00,1.500000000000000000e+00,1.699999999999999956e+00
1.034999999999999964e+01,1.689376268447515983e+00,5.534103583447498309e-01,2.899999999999999911e+00,1.500000000000000000e+00,1.500000000000000000e+00,1.699999999999999956e+00
1.050000000000000000e+01,2.278081416189113639e+00,6.637200774105209700e-01,2.899999999999999911e+00,1.500000000000000000e+00,1.500000000000000000e+00,1.699999999999999956e+00
1.065000000000000036e+01,2.965466218309138036e+00,9.177965985750533573e-01,2.899999999999999911e+00,1.500000000000000000e+00,1.500000000000000000e+00,1.699999999999999956e+00
1.079999999999999893e+01,3.565414754450416002e+00,1.472926209754127580e+00,2.899999999999999911e+00,1.500000000000000000e+00,1.500000000000000000e+00,1.699999999999999956e+00
1.094999999999999929e+01,3.597102481226952975e+00,2.594164140284488607e+00,2.899999999999999911e+00,1.500000000000000000e+00,1.500000000000000000e+00,1.699999999999999956e+00
1.109999999999999964e+01,2.606601135141952241e+00,4.188211140169670443e+00,2.899999999999999911e+00,1.500000000000000000e+00,1.500000000000000000e+00,1.699999999999999956e+00
1.125000000000000000e+01,1.419052555322355413e+00,4.976991829943129275e+00,2.899999999999999911e+00,1.500000000000000000e+00,1.500000000000000000e+00,1.699999999999999956e+00
1.140000000000000036e+01,7.639092658990693785e-01,4.728129288943147657e+00,2.899999999999999911e+00,1.500000000000000000e+00,1.500000000000000000e+00,1.699999999999999956e+00
1.154999999999999893e+01,4.471118811326539877e-01,4.117182134400106719e+00,2.899999999999999911e+00,1.500000000000000000e+00,1.500000000000000000e+00,1.699999999999999956e+00
1.169999999999999929e+01,2.976555399585155692e-01,3.444517670158636857e+00,2.899999999999999911e+00,1.500000000000000000e+00,1.500000000000000000e+00,1.699999999999999956e+00
1.184999999999999964e+01,2.279675266145021473e-01,2.825898311105535576e+00,2.899999999999999911e+00,1.500000000000000000e+00,1.500000000000000000e+00,1.699999999999999956e+00
1.200000000000000000e+01,1.985811748788345599e-01,2.297285026152548149e+00,2.899999999999999911e+00,1.500000000000000000e+00,1.500000000000000000e+00,1.699999999999999956e+00
0.000000000000000000e+00,5.000000000000000000e-01,5.000000000000000000e-01,3.399999999999999911e+00,1.899999999999999911e+00,1.899999999999999911e+00,2.100000000000000089e+00
1.499999999999999944e-01,7.259177773437499592e-01,4.320228476562499864e-01,3.399999999999999911e+00,1.899999999999999911e+00,1.899999999999999911e+00,2.100000000000000089e+00
2.999999999999999889e-01,1.067781357298618339e+00,4.032603416147422792e-01,3.399999999999999911e+00,1.899999999999999911e+00,1.899999999999999911e+00,2.100000000000000089e+00
4.499999999999999556e-01,1.573875170619481789e+00,4.229580397029888417e-01,3.399999999999999911e+00,1.899999999999999911e+00,1.899999999999999911e+00,2.100000000000000089e+00
5.999999999999999778e-01,2.288588957490164777e+00,5.250959028922870253e-01,3.399999999999999911e+00,1.899999999999999911e+00,1.899999999999999911e+00,2.100000000000000089e+00
7.500000000000000000e-01,3.183300370155636827e+00,8.145637350112993058e-01,3.399999999999999911e+00,1.899999999999999911e+00,1.899999999999999911e+00,2.100000000000000089e+00
8.999999999999999112e-01,3.911016575467175294e+00,1.603304213724338734e+00,3.399999999999999911e+00,1.899999999999999911e+00,1.899999999999999911e+00,2.100000000000000089e+00
1.050000000000000044e+00,3.371601622793330755e+00,3.483286969912878561e+00,3.399999999999999911e+00,1.899999999999999911e+00,1.899999999999999911e+00,2.100000000000000089e+00
1.199999999999999956e+00,1.577714421014172919e+00,5.130062873584585681e+00,3.399999999999999911e+00,1.899999999999999911e+00,1.899999999999999911e+00,2.100000000000000089e+00
1.349999999999999867e+00,7.832258077374470995e-01,4.621388714559233613e+00,3.399999999999999911e+00,1.899999999999999911e+00,1.899999999999999911e+00,2.100000000000000089e+00
1.500000000000000000e+00,4.153176444227483222e-01,3.838613602411943049e+00,3.399999999999999911e+00,1.899999999999999911e+00,1.899999999999999911e+00,2.100000000000000089e+00
1.649999999999999911e+00,2.621776580460931649e-01,3.051434274237493582e+00,3.399999999999999911e+00,1.899999999999999911e+00,1.899999999999999911e+00,2.100000000000000089e+00
1.799999999999999822e+00,2.023806071073525892e-01,2.375173518361314962e+00,3.399999999999999911e+00,1.899999999999999911e+00,1.899999999999999911e+00,2.100000000000000089e+00
1.949999999999999956e+00,1.861017174645234196e-01,1.834133746023753009e+00,3.399999999999999911e+00,1.899999999999999911e+00,1.899999999999999911e+00,2.100000000000000089e+00
2.100000000000000089e+00,1.963277498973263202e-01,1.416137700643354869e+00,3.399999999999999911e+00,1.899999999999999911e+00,1.899999999999999911e+00,2.100000000000000089e+00
2.250000000000000000e+00,2.296836329983870661e-01,1.099930585562400198e+00,3.399999999999999911e+00,1.899999999999999911e+00,1.899999999999999911e+00,2.100000000000000089e+00
2.399999999999999911e+00,2.900052657102779596e-01,8.650096079016600381e-01,3.399999999999999911e+00,1.899999999999999911e+00,1.899999999999999911e+00,2.100000000000000089e+00
2.549999999999999822e+00,3.869734983813298834e-01,6.946050920588238142e-01,3.399999999999999911e+00,1.899999999999999911e+00,1.899999999999999911e+00,2.100000000000000089e+00
2.699999999999999734e+00,5.368509220439450225e-01,5.764704804663336457e-01,3.399999999999999911e+00,1.899999999999999911e+00,1.899999999999999911e+00,2.100000000000000089e+00
2.850000000000000089e+00,7.641376783223996494e-01,5.034240064841239981e-01,3.399999999999999911e+00,1.899999999999999911e+00,1.899999999999999911e+00,2.100000000000000089e+00
3.000000000000000000e+00,1.102822481913331876e+00,4.749985255000493956e-01,3.399999999999999911e+00,1.899999999999999911e+00,1.899999999999999911e+00,2.100000000000000089e+00
3.149999999999999911e+00,1.593426566130919930e+00,5.026134710004813710e-01,3.399999999999999911e+00,1.899999999999999911e+00,1.899999999999999911e+00,2.100000000000000089e+00
3.299999999999999822e+00,2.263288261822033576e+00,6.250839368532242757e-01,3.399999999999999911e+00,1.899999999999999911e+00,1.899999999999999911e+00,2.100000000000000089e+00
3.449999999999999734e+00,3.050369493230082441e+00,9.544099189719987830e-01,3.399999999999999911e+00,1.899999999999999911e+00,1.899999999999999911e+00,2.100000000000000089e+00
3.599999999999999645e+00,3.578010286940193296e+00,1.783609609749281955e+00,3.399999999999999911e+00,1.899999999999999911e+00,1.899999999999999911e+00,2.100000000000000089e+00
3.750000000000000000e+00,2.942037934828585666e+00,3.486082499904622711e+00,3.399999999999999911e+00,1.899999999999999911e+00,1.899999999999999911e+00,2.100000000000000089e+00
3.899999999999999911e+00,1.468261716315558019e+00,4.712004399833610080e+00,3.399999999999999911e+00,1.899999999999999911e+00,1.899999999999999911e+00,2.100000000000000089e+00
4.049999999999999822e+00,7.375833499478713362e-01,4.318585665671142770e+00,3.399999999999999911e+00,1.899999999999999911e+00,1.899999999999999911e+00,2.100000000000000089e+00
4.200000000000000178e+00,4.108207260718449993e-01,3.596866043354955522e+00,3.399999999999999911e+00,1.899999999999999911e+00,1.899999999999999911e+00,2.100000000000000089e+00
4.349999999999999645e+00,2.739145162919769949e-01,2.868436531038351056e+00,3.399999999999999911e+00,1.899999999999999911e+00,1.899999999999999911e+00,2.100000000000000089e+00
4.500000000000000000e+00,2.210055985097247322e-01,2.243047625864686978e+00,3.399999999999999911e+00,1.899999999999999911e+00,1.899999999999999911e+00,2.100000000000000089e+00
4.649999999999999467e+00,2.097842326624809184e-01,1.742168025591520397e+00,3.399999999999999911e+00,1.899999999999999911e+00,1.899999999999999911e+00,2.100000000000000089e+00
4.799999999999999822e+00,2.261024542598827070e-01,1.354805915322574217e+00,3.399999999999999911e+00,1.899999999999999911e+00,1.899999999999999911e+00,2.100000000000000089e+00
4.950000000000000178e+00,2.681392416340420137e-01,1.061925122892098727e+00,3.399999999999999911e+00,1.899999999999999911e+00,1.899999999999999911e+00,2.100000000000000089e+00
5.099999999999999645e+00,3.411904644429114564e-01,8.451995754901309166e-01,3.399999999999999911e+00,1.899999999999999911e+00,1.899999999999999911e+00,2.100000000000000089e+00
5.250000000000000000e+00,4.567229980594298411e-01,6.898386237269386045e-01,3.399999999999999911e+00,1.899999999999999911e+00,1.899999999999999911e+00,2.100000000000000089e+00
5.399999999999999467e+00,6.331862985987311010e-01,5.855864819507905494e-01,3.399999999999999911e+00,1.899999999999999911e+00,1.899999999999999911e+00,2.100000000000000089e+00
5.549999999999999822e+00,8.972556410374787905e-01,5.277902462685166718e-01,3.399999999999999911e+00,1.899999999999999911e+00,1.899999999999999911e+00,2.100000000000000089e+00
5.700000000000000178e+00,1.283336159877796145e+00,5.202560426686613226e-01,3.399999999999999911e+00,1.899999999999999911e+00,1.899999999999999911e+00,2.100000000000000089e+00
5.849999999999999645e+00,1.824938373953121307e+00,5.834915096830778358e-01,3.399999999999999911e+00,1.899999999999999911e+00,1.899999999999999911e+00,2.100000000000000089e+00
6.000000000000000000e+00,2.518151565789588098e+00,7.782939833060199541e-01,3.399999999999999911e+00,1.899999999999999911e+00,1.899999999999999911e+00,2.100000000000000089e+00
6.149999999999999467e+00,3.203548237789278552e+00,1.267684425114000479e+00,3.399999999999999911e+00,1.899999999999999911e+00,1.899999999999999911e+00,2.100000000000000089e+00
6.299999999999999822e+00,3.317833860281758529e+00,2.389970569613465212e+00,3.399999999999999911e+00,1.899999999999999911e+00,1.899999999999999911e+00,2.100000000000000089e+00
6.450000000000000178e+00,2.208015479017964022e+00,4.056885382766745707e+00,3.399999999999999911e+00,1.899999999999999911e+00,1.899999999999999911e+00,2.100000000000000089e+00
6.599999999999999645e+00,1.100261314419391345e+00,4.448147608778440620e+00,3.399999999999999911e+00,1.899999999999999911e+00,1.899999999999999911e+00,2.100000000000000089e+00
6.750000000000000000e+00,5.826634222359169391e-01,3.914119442600425547e+00,3.399999999999999911e+00,1.899999999999999911e+00,1.899999999999999911e+00,2.100000000000000089e+00
6.899999999999999467e+00,3.557604039864232792e-01,3.207083100327335679e+00,3.399999999999999911e+00,1.899999999999999911e+00,1.899999999999999911e+00,2.100000000000000089e+00
7.049999999999999822e+00,2.617603746751659410e-01,2.543534501769888490e+00,3.399999999999999911e+00,1.899999999999999911e+00,1.899999999999999911e+00,2.100000000000000089e+00
7.199999999999999289e+00,2.294572906158575121e-01,1.990082344826125782e+00,3.399999999999999911e+00,1.899999999999999911e+00,1.899999999999999911e+00,2.100000000000000089e+00
7.349999999999999645e+00,2.320268700775137138e-01,1.552550314907986451e+00,3.399999999999999911e+00,1.899999999999999911e+00,1.899999999999999911e+00,2.100000000000000089e+00
7.500000000000000000e+00,2.618610720673549275e-01,1.216847526477526698e+00,3.399999999999999911e+00,1.899999999999999911e+00,1.899999999999999911e+00,2.100000000000000089e+00
7.649999999999999467e+00,3.207792247210141667e-01,9.651367275106143007e-01,3.399999999999999911e+00,1.899999999999999911e+00,1.899999999999999911e+00,2.100000000000000089e+00
7.799999999999999822e+00,4.171755285434147753e-01,7.815230856444014274e-01,3.399999999999999911e+00,1.899999999999999911e+00,1.899999999999999911e+00,2.100000000000000089e+00
7.949999999999999289e+00,5.659570871282040283e-01,6.540190932003223656e-01,3.399999999999999911e+00,1.899999999999999911e+00,1.899999999999999911e+00,2.100000000000000089e+00
8.099999999999999645e+00,7.894675474289905015e-01,5.756655981905538511e-01,3.399999999999999911e+00,1.899999999999999911e+00,1.899999999999999911e+00,2.100000000000000089e+00
8.250000000000000000e+00,1.117655551088744703e+00,5.465732963079110718e-01,3.399999999999999911e+00,1.899999999999999911e+00,1.899999999999999911e+00,2.100000000000000089e+00
8.400000000000000355e+00,1.583262283508484636e+00,5.794516188994771611e-01,3.399999999999999911e+00,1.899999999999999911e+00,1.899999999999999911e+00,2.100000000000000089e+00
8.549999999999998934e+00,2.199454150782648387e+00,7.149929132156281897e-01,3.399999999999999911e+00,1.899999999999999911e+00,1.899999999999999911e+00,2.100000000000000089e+00
8.699999999999999289e+00,2.884830697199752159e+00,1.062748716754379208e+00,3.399999999999999911e+00,1.899999999999999911e+00,1.899999999999999911e+00,2.100000000000000089e+00
8.849999999999999645e+00,3.276733230982684208e+00,1.874812840737337005e+00,3.399999999999999911e+00,1.899999999999999911e+00,1.899999999999999911e+00,2.100000000000000089e+00
9.000000000000000000e+00,2.669416441516257787e+00,3.359633657465723733e+00,3.399999999999999911e+00,1.899999999999999911e+00,1.899999999999999911e+00,2.100000000000000089e+00
9.150000000000000355e+00,1.427380211071820337e+00,4.364293882280815495e+00,3.399999999999999911e+00,1.899999999999999911e+00,1.899999999999999911e+00,2.100000000000000089e+00
9.299999999999998934e+00,7.425630615195475404e-01,4.072120309138467675e+00,3.399999999999999911e+00,1.899999999999999911e+00,1.899999999999999911e+00,2.100000000000000089e+00
9.449999999999999289e+00,4.321842852002106827e-01,3.421600537032678968e+00,3.399999999999999911e+00,1.899999999999999911e+00,1.899999999999999911e+00,2.100000000000000089e+00
9.599999999999999645e+00,2.995267806279726663e-01,2.748980625276925771e+00,3.399999999999999911e+00,1.899999999999999911e+00,1.899999999999999911e+00,2.100000000000000089e+00
9.750000000000000000e+00,2.483934787618162499e-01,2.165480770599042870e+00,3.399999999999999911e+00,1.899999999999999911e+00,1.899999999999999911e+00,2.100000000000000089e+00
9.900000000000000355e+00,2.399138797185756122e-01,1.695017241548460563e+00,3.399999999999999911e+00,1.899999999999999911e+00,1.899999999999999911e+00,2.100000000000000089e+00
1.004999999999999893e+01,2.611356381527829007e-01,1.329708223394874489e+00,3.399999999999999911e+00,1.899999999999999911e+00,1.899999999999999911e+00,2.100000000000000089e+00
1.019999999999999929e+01,3.110586107947553858e-01,1.053215453535437662e+00,3.399999999999999911e+00,1.899999999999999911e+00,1.899999999999999911e+00,2.100000000000000089e+00
1.034999999999999964e+01,3.959614411568667669e-01,8.493806161421778578e-01,3.399999999999999911e+00,1.899999999999999911e+00,1.899999999999999911e+00,2.100000000000000089e+00
1.050000000000000000e+01,5.285459924258748554e-01,7.052773350850287670e-01,3.399999999999999911e+00,1.899999999999999911e+00,1.899999999999999911e+00,2.100000000000000089e+00
1.065000000000000036e+01,7.285258371681656575e-01,6.125976135022889180e-01,3.399999999999999911e+00,1.899999999999999911e+00,1.899999999999999911e+00,2.100000000000000089e+00
1.079999999999999893e+01,1.022978611963974327e+00,5.693947085744822667e-01,3.399999999999999911e+00,1.899999999999999911e+00,1.899999999999999911e+00,2.100000000000000089e+00
1.094999999999999929e+01,1.443159318174557004e+00,5.843835833017254622e-01,3.399999999999999911e+00,1.899999999999999911e+00,1.899999999999999911e+00,2.100000000000000089e+00
1.109999999999999964e+01,2.008381636952531579e+00,6.886199408929982724e-01,3.399999999999999911e+00,1.899999999999999911e+00,1.899999999999999911e+00,2.100000000000000089e+00
1.125000000000000000e+01,2.670704451556002557e+00,9.664203620443583276e-01,3.399999999999999911e+00,1.899999999999999911e+00,1.899999999999999911e+00,2.100000000000000089e+00
1.140000000000000036e+01,3.168063881683700789e+00,1.618537896704463463e+00,3.399999999999999911e+00,1.899999999999999911e+00,1.899999999999999911e+00,2.100000000000000089e+00
1.154999999999999893e+01,2.875663821541094123e+00,2.906300345718265010e+00,3.399999999999999911e+00,1.899999999999999911e+00,1.899999999999999911e+00,2.100000000000000089e+00
1.169999999999999929e+01,1.696379007957021123e+00,4.172324384709048317e+00,3.399999999999999911e+00,1.899999999999999911e+00,1.899999999999999911e+00,2.100000000000000089e+00
1.184999999999999964e+01,8.810027717504889111e-01,4.134096290771315907e+00,3.399999999999999911e+00,1.899999999999999911e+00,1.899999999999999911e+00,2.100000000000000089e+00
1.200000000000000000e+01,4.999974838289943380e-01,3.553669629816239350e+00,3.399999999999999911e+00,1.899999999999999911e+00,1.899999999999999911e+00,2.100000000000000089e+00
